name,country,date_of_birth
Todd Floyd,Malaysia,1995-12-14
Anthony Scott,Bangladesh,1996-08-04
Megan Martinez,Niger,1968-04-13
Carmen Hall,Cote d'Ivoire,1990-03-07
Ryan Miller,Malawi,1967-08-24
Hunter Villegas,India,2001-05-30
Kent Stokes,Palau,1953-08-21
Kaitlyn Richards,Bouvet Island (Bouvetoya),1997-12-23
Mrs. Michelle Smith,Austria,1985-04-24
Melinda Dunn,Syrian Arab Republic,1954-01-20
Victoria Barry,Bouvet Island (Bouvetoya),1967-03-29
Jeremy Sutton,Greenland,1973-06-24
Gregory Livingston,Belarus,1961-02-03
Russell Robles,Iceland,1954-01-15
Shawna Bryant,Guam,1987-01-15
Dana Avila,India,1951-12-11
Christian Hill,India,1994-06-18
Kaitlyn Lopez,Argentina,1950-07-04
Rebecca Gordon,India,1980-07-16
Franklin Carpenter,Chad,2000-09-21
Amy Harris,Palau,1958-03-12
Catherine Ellis,Sierra Leone,1973-12-21
Jennifer Dickson,Malaysia,1997-02-01
Darryl Wilson,Bangladesh,1985-07-11
Joy Wiley,Greenland,1965-09-18
Robin Ortiz,Chad,1995-11-03
Andrea Villegas,Syrian Arab Republic,1996-11-15
Charlotte Patterson,Cote d'Ivoire,1996-11-08
Stephen Stewart,Guam,2003-09-17
Cindy Keller,Malaysia,1951-07-11
Kristen Thompson,Malaysia,1965-04-24
Victoria Tran,American Samoa,1961-05-10
Donald Velazquez,Syrian Arab Republic,1963-10-17
Joseph Rodriguez,Argentina,1958-08-09
Vanessa Arnold,Sierra Leone,1982-06-09
Connor Wright,Liechtenstein,1990-11-11
Ronald Livingston,Aruba,1991-03-08
Gabriel Kemp,American Samoa,1974-05-29
Theresa Weber,Belarus,1969-04-18
Amy Odonnell,Malawi,1949-07-28
Norma Rojas,Belarus,1981-12-10
Beverly Robinson,Mauritania,2002-10-04
Cynthia Whitehead,Tokelau,1953-11-11
Kristin Burch,Bouvet Island (Bouvetoya),1996-09-18
Robert Foster,Bangladesh,2003-06-04
Jonathan Butler,India,1981-09-27
Matthew Weber,Bangladesh,1982-06-16
David Rhodes,Mexico,1949-02-02
William Mcguire,Greenland,1965-12-17
Timothy Miller,Liechtenstein,1965-03-14
Miss Jeanne Stewart,American Samoa,1996-09-24
Andrea Rodriguez,Palau,1986-12-31
John Thomas,Bangladesh,1980-02-21
Rebecca Johnson,Cote d'Ivoire,1951-03-09
Joshua Reed,Cape Verde,1957-03-15
Wanda Brown,Brazil,1966-03-24
Jamie Harvey,Malawi,1990-09-14
Noah Waller MD,Japan,2003-09-11
Candice Carroll,Bangladesh,1954-10-22
Jason Keller,Cote d'Ivoire,1963-12-13
Robert Fowler,Cote d'Ivoire,1965-01-13
Alexandra Martinez,American Samoa,1965-12-27
Amy Snow,Malawi,1961-05-28
Chelsea Case,Aruba,1956-07-11
Jason Sellers,Nauru,1969-12-26
Laurie Morton,Palau,1954-01-14
Trevor Smith,Greenland,1957-02-08
Angela Berger,Iceland,1995-05-01
Jose Rogers,Iceland,1951-03-21
Mr. Michael Park,Argentina,1988-08-28
Joshua Obrien,Bangladesh,1970-05-02
Mrs. Olivia Thomas,Mexico,1959-06-19
Savannah Rush,Brazil,1957-09-02
Paul Reyes,Malawi,1982-02-23
James Newman,Aruba,1949-01-19
Robin Young,Bouvet Island (Bouvetoya),1989-05-31
Lindsay Bryant,Chad,1981-10-26
Debra Montgomery,Palau,1985-04-12
Heather Woods,Japan,1997-10-30
Chloe Nelson,Greenland,1960-02-27
Melissa Lewis,Sierra Leone,1991-12-17
Jennifer Oneal,Belarus,1968-11-14
Kimberly Brown MD,Brazil,1982-12-02
Jesus White,Fiji,1979-04-11
Joshua Park,Cape Verde,1950-07-28
Erica Gilbert,Syrian Arab Republic,1956-09-19
Seth Parker,Cape Verde,1971-06-11
Tanya Davis,Brazil,1989-10-30
Christopher Powell,Chad,1996-09-28
James Hines,Aruba,1982-07-03
Mark Curry,Liechtenstein,1972-04-16
Robert Mclaughlin,Albania,1976-01-06
Eddie Ford,Albania,1981-02-12
Lori Smith,Albania,1999-10-01
Luke Lindsey,Nauru,1968-12-07
Keith Fisher,Palau,1981-03-28
Antonio Smith,Mauritania,1986-03-04
Joshua May,Brazil,1974-11-15
Michael Morris,Fiji,1992-10-30
Rebecca Hall,Albania,1994-09-27
Christina Dawson,Niger,1955-07-15
Tyler Rivera,Syrian Arab Republic,1954-06-23
Katelyn Frost,Palau,1956-01-06
Brittany Rose,Brazil,1999-03-09
Roy Thomas,Nauru,1964-02-11
Kristopher Murray,Belarus,1960-01-12
Jessica Davis,Japan,1954-08-11
Jennifer Marshall,Bouvet Island (Bouvetoya),1984-07-15
Jeanette Mosley,Bangladesh,1950-10-10
Gary Brown,Bangladesh,1978-10-24
Sarah Johnson,Japan,1962-10-06
Yvonne Mitchell,Japan,1957-07-06
Ronald Smith,Bangladesh,2001-08-05
Cody Williams,Guam,1976-11-04
Mr. Peter Cole,Cape Verde,1957-11-02
Audrey Edwards,Cote d'Ivoire,1958-07-18
Kendra Flores,Tokelau,1960-11-17
Thomas Walsh,Japan,1969-09-12
Daniel Peterson,Liechtenstein,1975-12-28
Kristine Davidson,Belarus,2000-12-06
Robert Ramirez,Austria,1957-05-01
Jerry Carey,Iceland,1989-07-31
Anne Hubbard,Kuwait,1971-08-30
Cole Hughes,Sierra Leone,1965-01-30
Anthony Wilkerson,Guam,1974-10-02
Larry Hardy,Bangladesh,1996-07-24
Holly Sampson,Greenland,1989-06-25
William Fowler,Malaysia,1991-03-09
Deborah Dillon,Aruba,1954-08-14
Heather Patel,Kuwait,1956-11-04
Brandi Maldonado,Chad,2003-01-28
Andrew Burns,Austria,1948-08-18
Jeffrey Ruiz,Albania,1990-05-16
Ralph Orr,American Samoa,1972-03-06
Cynthia Sparks,Aruba,1989-04-10
Lindsay Serrano,Aruba,1971-05-10
Angela Hernandez,Mauritania,1952-01-05
Anthony Baker,Aruba,1979-08-29
Angela Maxwell,Austria,1996-07-09
Cheyenne Gonzales,Niger,1956-08-04
David Crawford,Greenland,1964-06-27
Whitney Hunter,India,1994-11-23
Mercedes Cherry,Albania,1961-08-27
James Benson,Bouvet Island (Bouvetoya),1995-12-28
Timothy Dorsey,Chad,1955-11-30
Brett Harris,Albania,1990-05-24
Eduardo Hopkins,Kuwait,1948-11-09
Brian Bridges,Argentina,1985-12-28
Brad Fischer,Guam,1998-06-24
April Ballard,Guam,1983-05-29
Craig Smith,Sierra Leone,1947-10-12
Heidi Black,American Samoa,1966-04-24
Jon Brown,Chad,1972-07-25
Phillip Smith,Sierra Leone,2000-06-11
Jacob Green,Chad,1949-11-11
Christine Hernandez,Kuwait,1997-07-25
Emily Garner,Japan,1970-10-29
Amanda Callahan,Cape Verde,1964-08-29
Kathy Martin,Kuwait,1960-03-27
Jack Hall,Kuwait,1955-08-03
Timothy Gray,Austria,1989-02-08
Tina Thornton,Malawi,1967-05-19
Stacey Cook,Kuwait,1964-07-11
James Perez,American Samoa,1959-02-13
Becky Reed,Liechtenstein,1996-04-25
Chris Mcpherson,Malawi,1956-09-08
Erica Bell,Aruba,1983-12-19
Marie Knight,Malaysia,1982-04-10
Micheal Brennan,Kuwait,1954-09-15
Madison Mercado,Brazil,1984-03-16
Cody Campbell,Albania,1997-04-18
Bradley Hunt,Bouvet Island (Bouvetoya),1980-03-31
Kenneth Williams,Mauritania,1978-02-26
Julie Murray,India,1966-02-06
Mr. James Boyd MD,Mexico,1963-03-04
Jennifer Rice,Kuwait,2001-01-22
Tricia Dickerson,Liechtenstein,1972-02-26
Jacob Rodriguez,Syrian Arab Republic,1989-08-30
Ricardo Mendez,Mexico,1983-01-15
Brian Rodriguez,Sierra Leone,1979-03-17
Kenneth Goodman,American Samoa,1982-03-19
Teresa Mitchell,Austria,1976-04-12
William Brown,Niger,1978-09-05
Tammy Mason,Malaysia,1968-11-27
Steven Mueller,Iceland,1971-08-12
Joshua Bryan,Chad,1989-10-12
Rebecca Rose,Malawi,1958-09-14
Theresa Yang,Chad,2001-05-12
Jasmin Mendez,Guam,1966-05-29
Jane Carroll,Malawi,1982-06-22
Andrew Green,Malawi,1965-10-23
Melissa Guerrero,Japan,1955-12-22
Rachel Scott,Brazil,1958-04-12
Michele Hunter,Palau,2001-02-11
Nicholas Bruce,Kuwait,1966-08-10
Bradley Butler,Fiji,1962-09-06
Carol Hill,Tokelau,1989-09-06
Guy Davis,Belarus,1976-05-07
Brandi Wyatt,Palau,1978-10-18
Lori Galvan,Palau,1977-08-08
Ashley Mcintyre,Aruba,2000-04-24
Ethan Baker,American Samoa,1979-03-04
Pamela Glass,Kuwait,1999-08-13
Amy Smith,Niger,1952-12-30
Gregory Norman,Cape Verde,2000-09-08
Shane Johnson,Niger,2003-07-29
Heather Walter,Albania,1952-02-10
Daniel Hall,Bouvet Island (Bouvetoya),1951-08-24
Joshua Paul,Niger,1993-10-22
Nancy Douglas,Sierra Leone,1980-02-16
Shannon Jackson,Aruba,1973-03-26
Susan Thomas,Japan,1978-11-04
Jeff Lam,Fiji,1970-05-02
Robert Smith,Brazil,1950-07-13
Lawrence Adams,Cape Verde,1989-01-02
Barbara Johnson,Liechtenstein,1980-02-15
Stacey Miller,Mexico,1983-04-07
Taylor Flynn,American Samoa,1988-01-07
Joshua Rodriguez,Malawi,1961-07-18
Kristina Douglas,Nauru,1978-10-09
Jennifer Wilkerson,Palau,1963-01-26
David Clark,Belarus,1984-11-27
Sharon Gaines,Mexico,1960-03-31
Susan Anderson,Cape Verde,1977-11-16
Bailey Ward,Albania,1982-10-24
Angel Sellers,Albania,1974-04-02
Kelly Moore,Fiji,1975-04-12
Justin Hill,Guam,1988-10-21
Victoria Novak,Cape Verde,1948-02-17
Virginia Brown,Greenland,1979-02-17
John Maldonado,Austria,1958-06-24
Thomas Gilbert,Japan,1976-11-13
Valerie Nguyen,Argentina,1974-10-31
Jeffery Mckee,Chad,1993-04-27
Sarah Young,Cape Verde,1983-06-07
Ryan Peterson,Austria,2002-12-08
Christie Garrett DVM,Albania,1983-06-04
Jennifer Odonnell,Cote d'Ivoire,2000-10-17
Mrs. Jordan Grimes,Tokelau,1960-09-09
Lauren Nunez,Aruba,1971-05-18
Susan Reeves,Cape Verde,1992-02-09
Randy Joseph,Bangladesh,1982-07-27
Timothy Ward,Chad,1971-11-15
Alan Stevenson,Nauru,2002-01-23
Brandi Powell,Guam,1991-02-19
Adrienne Garrett,Malaysia,2002-04-26
Mrs. Lisa Wilson,Nauru,1975-10-06
Courtney Brown,Guam,1959-10-04
Bradley Hill,Malaysia,1954-06-15
Timothy Allison,Kuwait,1986-01-18
Amanda Davila,Belarus,1970-08-23
Deborah Cunningham,Austria,1973-08-20
Christopher Perez,Malaysia,1952-04-30
Dustin Vaughn,Chad,1992-05-03
Latasha Tucker,Niger,1989-05-05
Jacqueline Robbins,Bangladesh,1998-08-21
Isaac Johnson,Aruba,1986-05-24
Mr. Fernando Smith Jr.,Malaysia,1974-07-30
David Fleming,Syrian Arab Republic,2000-06-16
Ronald Nelson,India,1994-12-06
Robert Stanley,India,1954-06-07
Mr. Jimmy Boyer MD,Bangladesh,1998-03-15
Kurt Frank,Nauru,1953-12-09
Amy Knight,Argentina,2003-09-22
Mr. David Lloyd DDS,Japan,1963-05-15
Alexander Jordan,Sierra Leone,1961-10-06
Martha Mann,Chad,1971-11-23
Tonya Wyatt,Aruba,1951-02-12
Alexandra Hicks,Belarus,1953-03-25
Tammy Mclaughlin,Chad,1972-11-15
Christine Cunningham,Palau,1970-08-25
Todd Johnson,Mauritania,1995-05-24
Danny Kramer,Sierra Leone,1968-01-18
Lori Fernandez,Kuwait,1980-02-18
Adam Hunter,India,2000-06-10
Jack Baker,Sierra Leone,2000-07-22
Patrick Johnson,Iceland,1972-12-12
Suzanne Smith,Malawi,1953-09-30
Jeffrey Fox,Argentina,1975-10-21
Kim Montes,India,1993-12-24
Linda Williams,Bangladesh,1998-08-09
Jennifer Sutton,Sierra Leone,1963-07-27
Patrick Mcdonald,Niger,1989-08-13
Steven Gonzalez,Cote d'Ivoire,1965-09-16
Daniel Stein,Fiji,1995-12-20
Devin Franklin,Syrian Arab Republic,1995-06-29
Jennifer Aguilar,Niger,1960-03-28
Wyatt Richard,Cape Verde,1985-12-07
Sara Scott,Malaysia,1997-07-26
Jason Hunter,Aruba,1974-03-25
Margaret Wilkinson,Tokelau,1965-07-05
Adam Johnson,Austria,1995-07-27
Kayla Chung,Chad,1990-11-26
James Palmer,Mauritania,2000-06-29
Christopher Kim,Fiji,1995-08-02
Jennifer Glenn,Greenland,1994-12-08
Danielle Burke,Austria,1982-05-18
Jennifer Kim,Liechtenstein,1960-02-21
Regina Ashley,Brazil,1992-06-13
Elizabeth Pham,Kuwait,1968-07-31
Wanda Parks,Bangladesh,1976-09-01
Emily Camacho,Kuwait,1948-06-08
Heather Reeves,Mexico,1977-04-08
Scott Peterson,Fiji,1994-10-30
David Romero,Mauritania,1974-09-01
Melissa Costa,Japan,1980-06-06
Megan Mcintosh,Liechtenstein,1953-12-13
Jenna Conley,Fiji,1993-03-13
Matthew Cooper,Malawi,1997-06-22
Kelli Daniels,India,1954-10-08
Krista Hartman,Cape Verde,1981-09-15
John Smith,Brazil,1949-08-07
Linda Burke,Mauritania,1957-07-29
Christy Kelley,Belarus,1972-07-22
Taylor Peterson,American Samoa,1964-10-18
Lisa Wall,Malaysia,1998-12-27
Cody Calderon,Greenland,1997-10-11
Brittany Leonard,Cote d'Ivoire,2003-05-14
Ralph Morgan,Bouvet Island (Bouvetoya),1981-09-28
Nancy Chen,Albania,1949-02-26
Katelyn Mccall,Aruba,1961-11-11
Michael Rose,Syrian Arab Republic,2003-06-22
Maria Gordon,Niger,1966-11-02
Rebekah Holt,Malaysia,1980-06-15
Teresa Gilbert,Aruba,1992-08-18
Robert Russell,Sierra Leone,1970-12-07
Karen Sandoval,Nauru,1972-12-01
Rodney Rush,Mauritania,1984-10-01
Janice Benton,Syrian Arab Republic,1959-05-18
Jo Pitts,Austria,1974-12-29
Sandy Garcia,Argentina,1981-03-22
Adrienne Vaughn,Austria,1971-12-10
Margaret Montoya,Argentina,1996-02-06
Susan Lam,Liechtenstein,1957-10-23
Amanda Alvarado,Kuwait,1958-09-25
Marc Adams,Cote d'Ivoire,1949-08-20
Pamela Payne,Cote d'Ivoire,1957-07-20
Jason Welch,Austria,1978-03-17
Jason White,Nauru,2003-04-13
Kelsey Patel,Aruba,1951-03-13
Mr. James Martinez MD,Fiji,1952-06-06
Stacy Bell,American Samoa,1981-01-05
Keith Smith,Tokelau,1973-01-21
Juan Hernandez,Mauritania,1950-06-27
Anthony Holt,Cote d'Ivoire,1954-04-23
Robin Wright,Guam,1977-01-11
Thomas Potter,Malawi,1965-12-24
Michelle Frederick,Sierra Leone,1993-06-23
Nicholas Gregory,Syrian Arab Republic,1980-12-08
Sean Mckenzie,Mexico,1958-09-23
Jill Dawson,Iceland,1965-03-22
Jane Ferguson,India,1953-05-10
Alexander Mejia,Fiji,1974-06-19
Kathleen Smith,India,1998-07-30
Kaitlyn Callahan,Liechtenstein,1973-07-22
Kristie Austin,Albania,1964-02-19
Marcia Salazar,Guam,1970-01-26
Stephanie Herrera,Japan,1994-06-17
Angie Taylor,Mauritania,1996-05-26
Jimmy Quinn,Fiji,1999-09-04
Julia Howell,Austria,1966-11-22
Victoria Sims,Aruba,1958-02-23
Jeffrey Cox,Sierra Leone,1988-04-25
Steven Collier,Niger,1947-10-19
Steven Tapia,Japan,1994-07-19
Michelle Brown,Austria,2002-08-11
Megan Osborne,Tokelau,1979-06-04
Jose Lynch,Albania,1987-02-28
James Thomas,American Samoa,1987-02-16
Sarah Stone,Greenland,1979-04-27
Andrea Hughes,Chad,1970-03-09
Holly Grant,Brazil,1982-06-29
Denise Reynolds,Mexico,1988-03-16
Mary Baker,India,1996-10-23
Stephanie Curry,Austria,2001-11-09
Alec Sharp,Guam,1997-12-20
Manuel Delacruz,American Samoa,1997-08-31
James Garcia,American Samoa,1952-03-23
Brandon Hunt,Cote d'Ivoire,1953-07-15
Devin Stark,Austria,1964-11-08
Dorothy Kim,Syrian Arab Republic,1998-08-14
Adam Burke Jr.,Nauru,1979-05-26
Michael Gregory,Albania,1998-12-31
Justin Reed,Iceland,1960-01-07
Mary Wright,Mauritania,1992-03-28
Sharon Wallace,Palau,1954-10-18
Terri Oconnor,Greenland,1986-07-24
Diana Ross,Iceland,1950-05-07
Jacob Cook,Palau,1996-06-21
Timothy Graham,Nauru,1953-04-07
Rebecca David,Cote d'Ivoire,2003-06-28
Daniel Le,Guam,1975-04-07
Theresa Campbell,Sierra Leone,1960-12-02
Teresa Knapp,Chad,1984-10-24
Michele Porter,Chad,1991-06-11
Sarah Henson,Malawi,1959-08-29
Anthony Ramirez,Nauru,1971-01-02
Jeff Davis,Bangladesh,1959-06-25
Jose Ramos,Guam,1950-11-11
Lori Marquez,Bouvet Island (Bouvetoya),1962-01-21
David Vega,Japan,1993-06-20
Frank Jones,Kuwait,1986-01-19
Natalie Mccarthy,Albania,1990-05-24
Kyle Austin,Mexico,1952-02-01
Denise Williams,Argentina,1972-02-04
Amanda Mueller,Greenland,1978-04-23
Kathleen Barry,Liechtenstein,1956-12-21
Brittany Rodgers,Liechtenstein,1958-05-03
Mary Jones,Cote d'Ivoire,1981-10-19
Lisa Johnson,Greenland,1962-08-01
Joseph Vega,Niger,1955-05-17
Felicia Moore,Bangladesh,1990-03-21
Leslie Davis,India,1990-07-23
Matthew Holmes,Belarus,1958-02-12
Robert Koch,Brazil,1980-04-22
Kendra Ramirez,Bouvet Island (Bouvetoya),1962-07-22
Anthony Martinez,Nauru,1948-09-05
Jeremy Sims,Argentina,1956-07-22
Joseph Hess,Bouvet Island (Bouvetoya),1998-02-08
Joshua Reid,Syrian Arab Republic,1960-12-04
Paul Hill,Cape Verde,1969-03-26
Scott Warren,Brazil,1951-04-12
Lisa Rodriguez,Greenland,1965-07-25
Michael Martin,Mauritania,1989-12-19
Casey Brown,Aruba,1975-12-05
Amy Oliver,Chad,1967-04-11
Andrew Miller,India,2003-09-25
Matthew Jimenez,Guam,1952-10-28
Darryl Joyce,Niger,2000-01-04
Antonio Hale,Mauritania,1957-03-11
James Morrow,Bangladesh,1996-03-27
David Hurst,Fiji,1978-10-19
Colleen Johnson,Syrian Arab Republic,1957-06-16
Ann Barnett,Liechtenstein,1976-04-28
Christopher Sampson MD,Belarus,1977-08-25
Patricia Snyder,Sierra Leone,2001-01-06
Shannon Dunn,Bouvet Island (Bouvetoya),1997-04-08
Brenda Grimes,Cote d'Ivoire,1998-11-10
Donald Mitchell,Tokelau,1966-03-17
Wanda Ryan,Fiji,1962-02-21
Lori Hernandez,Sierra Leone,1978-10-15
Eric Donaldson,Mexico,1970-04-27
Amanda Robbins,Niger,1965-03-17
Andrew Raymond,Belarus,1972-06-07
Douglas Bush,Fiji,1975-08-02
Michael Ward,Albania,1973-12-11
Anne Ashley,Guam,1984-07-07
Catherine Butler,Sierra Leone,1963-10-23
Chad Glass,Liechtenstein,1957-01-12
Lisa Johns,Sierra Leone,1978-04-24
Chad Moran,Chad,1982-09-04
Oscar Thomas,Syrian Arab Republic,2000-06-06
Crystal Brooks,Belarus,2003-04-02
Thomas Jensen,Aruba,1960-12-18
Taylor Lynn,Kuwait,1957-04-17
Christopher Hughes,Mexico,1988-02-24
Dale Padilla,Belarus,1953-10-08
Tiffany Johnson,Iceland,1956-05-30
Jamie Juarez,Bangladesh,1966-06-21
Christopher Shelton,Tokelau,1950-05-15
Terri Hill,Guam,1970-02-25
Charles Elliott,Kuwait,1982-04-12
Laura Gomez,Belarus,2001-10-13
Katie Boyle,Austria,2000-05-16
Gregory Morgan,Bouvet Island (Bouvetoya),1952-12-17
Randy Meza,Malaysia,2002-02-04
Michael Scott,Mauritania,1971-10-26
Brandon Garcia,Bangladesh,1973-08-31
John Mcguire,Chad,1978-09-11
Mrs. Robin Schwartz,Malaysia,1949-03-18
Michael Ramos,Sierra Leone,2002-08-26
Dustin Moran,Austria,1960-01-17
Gene Wilson,Palau,1997-10-08
Richard Torres,Malawi,1958-09-22
Elizabeth Scott,Fiji,1959-12-05
Adrian Riley,Bouvet Island (Bouvetoya),1963-06-01
Eric Golden,Bangladesh,1967-07-10
Carlos Campbell,Belarus,1948-08-06
Devon Walker,Albania,1956-05-10
Ethan Santos,Japan,1965-12-10
Lindsay Williams,American Samoa,1950-05-24
Olivia Avery,Aruba,1948-02-27
William Lewis,Syrian Arab Republic,1989-05-22
Justin Blake,Sierra Leone,1958-04-15
Donna Guerrero,Liechtenstein,1950-05-06
Brandy Hawkins,American Samoa,1949-01-26
Jonathan Wells,Aruba,2002-08-04
Randy Roberts,Brazil,1979-10-22
Michael Hughes,Greenland,1951-10-28
Stacie Baker,Nauru,1957-12-06
Nicole Merritt,Argentina,1972-03-19
Marcus Andrews,Aruba,1969-06-29
Stephanie Hurley,Niger,1976-05-22
Stephanie Jacobs,Bangladesh,1959-05-30
Thomas Castaneda,Brazil,2001-01-29
Victoria Rosales,Mexico,1960-03-27
Roberto Thompson,India,1972-12-13
Robert Lee,Argentina,1993-07-09
Monica Murphy,Palau,1997-07-29
Mr. Henry Stout,Aruba,1963-05-21
Jeff Lee,Liechtenstein,1966-11-20
Kimberly Allen,Fiji,1971-02-16
Jennifer Frank,Fiji,1970-01-04
Jennifer Young,Kuwait,1994-05-04
Valerie Hall,Fiji,1979-01-28
Sara Gomez,Palau,2001-03-02
John Kelley,Argentina,1952-01-04
Ricardo Diaz,American Samoa,1952-07-14
Greg Chandler,Niger,1975-05-05
Mrs. Tina Daniels,Japan,1994-10-31
Martin Bryant,Greenland,1990-04-09
Garrett Stephens,Iceland,1993-03-12
George Barr,Fiji,1964-11-05
Erica Williams,Tokelau,1995-11-28
Karen Shields,Greenland,1986-02-08
Ryan Murphy,Syrian Arab Republic,1951-02-14
Jennifer Perez,Chad,1970-11-03
Daniel Griffin,Malaysia,1968-08-11
Ian Ramirez,Cote d'Ivoire,1977-08-20
Sherry Boyer,Japan,1967-02-14
Natalie Hill,Guam,1950-07-08
Carlos Bishop,Malaysia,1955-02-11
Tonya Garrett,Niger,1976-06-17
Tammie Norris,Mexico,1995-08-22
David Wright,Bangladesh,2001-11-13
Marcus Campbell,Malawi,1957-07-10
Adam Perez,Austria,1949-12-09
Melinda Brown,Malawi,1973-04-23
Alyssa Taylor,Iceland,2002-06-03
Jason Lane,Cote d'Ivoire,2002-01-27
Amanda Torres,Tokelau,1962-10-29
Tanya Berger,Austria,1949-04-14
Lisa Daniels,Tokelau,1977-10-08
Denise Robinson,Kuwait,1980-08-08
Holly Buckley,Chad,1992-06-03
Amy Ford,Fiji,1949-04-27
Adrian Perez,Argentina,1955-08-01
Phillip Evans,Argentina,1963-12-12
Melanie Gilbert,Palau,1988-10-14
Christopher Williams,Greenland,1960-10-09
Michael Francis,Niger,2000-06-07
Stephanie Berg,Brazil,1956-09-10
Jonathan Wilson,Tokelau,1974-11-16
Samantha Jackson,Cape Verde,2002-07-24
Julian Miller,American Samoa,1963-05-19
Joanne Rowe,Albania,1970-03-17
Phillip Morris,Malaysia,1973-09-05
Casey Jimenez,Malawi,1986-05-11
Justin Holt,Brazil,1981-02-10
Vanessa Kelly,Malaysia,1988-01-23
Nicholas Lewis,Mexico,2001-06-07
Dennis Martinez,Malawi,1970-03-11
Megan Stanton,Tokelau,1998-03-08
Jeff Hughes,Guam,1990-07-31
Troy Salas,Malawi,1958-10-19
Ashley Lowe,Mexico,1979-05-25
Sarah Bennett,Japan,2002-11-13
Paul Lewis,Aruba,1984-11-23
Cory Hicks,Brazil,2002-01-10
Briana Williams,Cote d'Ivoire,1978-12-07
Julie Guzman,American Samoa,1963-01-16
Corey Hernandez,Mexico,1972-08-22
Ann Young,Austria,1978-10-17
Brandon Bonilla,Iceland,1962-07-29
Kristin Anderson,India,1996-08-17
Alan Davis,Japan,2000-11-29
Jennifer Rogers,Fiji,1966-09-24
Amy Mathis,Guam,1980-11-19
Scott Velez,Austria,1976-07-18
Julia Martinez,Nauru,1994-07-27
Peter Hill,Greenland,1989-03-23
Travis Rodriguez,Sierra Leone,1949-07-02
William Hunt,Cote d'Ivoire,1956-02-03
Christine Butler,Tokelau,1993-12-04
Alice Herrera,Sierra Leone,1977-01-26
John Moore,Chad,1990-06-13
Sarah Nelson,Brazil,1993-11-28
Alan Brown,India,1952-12-02
Michael Black,Bouvet Island (Bouvetoya),1962-04-11
Robert Anderson,Austria,1952-03-24
Eric Callahan DDS,Aruba,1978-09-16
Cathy Bean,Liechtenstein,1956-08-31
Alejandro Wallace,Cote d'Ivoire,1997-07-02
Sharon Carter,Fiji,1981-03-25
John Mcclain,Cape Verde,1971-10-10
Jessica Sanchez,Greenland,1950-11-13
Brian Thomas,Brazil,1978-08-25
Larry Green,Chad,1998-07-01
Morgan Sanders,Japan,1966-12-31
Danielle Carrillo,Liechtenstein,1962-04-22
Kevin Hines,Cote d'Ivoire,1962-10-16
Mary Simmons,Bangladesh,1996-07-27
Anna Larsen,Aruba,1953-04-25
Tammy Robinson,Guam,1971-02-12
Nicole Harding,Bangladesh,1973-09-20
Matthew Chen,Fiji,1963-04-15
Andrew Martinez,Sierra Leone,1965-04-11
Daniel Williams,Fiji,1984-04-21
Jose Johnson Jr.,Bangladesh,1985-10-10
Sean Clayton,Sierra Leone,1999-09-29
Anna Brown,Fiji,1947-12-27
Christine Williams,Sierra Leone,1978-09-22
Gilbert Weaver,Niger,1979-08-03
Barbara Saunders,India,1951-03-20
Monica Gay,Japan,1995-06-20
Amy Sosa,Mexico,1994-03-11
Tara Ray,Mauritania,1970-09-22
Brittany Johnson,Austria,1988-06-07
Kimberly Pruitt,Argentina,1973-11-01
Nicholas Brooks,Niger,1955-07-14
Megan Chan,Brazil,1978-06-29
Emily Price,Malawi,1961-03-05
Bridget Paul,Mexico,1988-07-18
Michael Cannon,Mexico,1984-11-10
Phillip Lynch,Sierra Leone,1949-06-15
Jonathan Hines,Austria,1971-03-11
Laura White,Tokelau,1964-10-17
Joshua Steele,Sierra Leone,1992-11-10
Connie Kirk,Austria,1988-06-26
Shannon Todd,Japan,2000-06-06
Alexis Gentry,Japan,1950-05-22
Sylvia Arnold,Iceland,1964-10-10
Daniel Rivas,Belarus,1959-08-12
Dr. Timothy Anderson,Greenland,1997-03-21
Teresa Shaw,India,1960-06-18
Nancy Lindsey,Bouvet Island (Bouvetoya),1987-02-07
Steve Ellis,Palau,1974-02-21
Cindy Brady,Liechtenstein,1948-07-04
Melissa Nelson,Syrian Arab Republic,1995-08-04
David Davenport,Bangladesh,1972-12-18
Monique Duffy,Aruba,1998-10-21
Frank Wagner,Mauritania,1978-11-01
Timothy Hendrix,Mauritania,1987-12-11
Carmen Watson,Mexico,1965-09-22
Hannah Silva,Syrian Arab Republic,1994-08-12
Michael Ochoa,Belarus,1952-08-19
Jessica Woods,Bouvet Island (Bouvetoya),1978-04-14
Michelle Smith,Liechtenstein,1992-08-15
Jeremy Alvarez,Syrian Arab Republic,1992-12-18
Nicole Patterson,Brazil,1948-03-14
Shelia Brock,Syrian Arab Republic,1973-07-31
Stephanie Combs,Nauru,1951-05-06
Andre Cruz,Bouvet Island (Bouvetoya),1973-06-08
Susan Wright,Brazil,1957-04-14
Brett Delgado,Aruba,1982-11-16
Stephanie Spencer,Argentina,1995-09-10
Tony Anderson,Bouvet Island (Bouvetoya),1978-05-13
Matthew Johnson,Aruba,1982-10-08
Jonathan Harper,Aruba,1992-01-14
Robert Brock,Bouvet Island (Bouvetoya),1986-06-15
Carla Gordon,Japan,1999-02-27
Jeremy Martin,Mauritania,1971-02-25
Lindsay Monroe,Malaysia,1957-07-20
Lisa Stark,Cote d'Ivoire,1989-06-15
David Carter,Belarus,1963-02-16
Angela Thomas,Argentina,1960-04-11
Brooke Ritter,Syrian Arab Republic,1949-06-24
Deborah Barr,Tokelau,1993-06-08
Laura Richards,Aruba,1985-09-19
Vanessa Williams,Chad,1980-03-21
Emma Walker,Belarus,1966-06-01
Justin Lee,Kuwait,1956-09-17
Omar Stevens,Iceland,1976-11-03
Jennifer Cruz,Palau,1967-04-07
Michael Tran,Bangladesh,1958-02-07
Joshua Perez,Bangladesh,1953-12-29
Danielle Todd,Austria,1954-09-21
Wayne Ward,Argentina,1948-12-03
Javier Mccullough,Palau,2003-05-15
Mrs. Amanda Todd,Belarus,1962-09-21
Michelle Morrison,Cape Verde,1970-10-18
Angel Patterson,Japan,1955-11-17
Steven Stokes,Sierra Leone,1977-02-10
Valerie Sullivan,Tokelau,1985-10-12
Danielle Simpson,Cape Verde,1982-07-03
Heather Cline,Cote d'Ivoire,1955-07-03
Theresa Chandler,Niger,1949-01-02
Erin Sparks,Mauritania,1995-03-21
Christopher Murray,India,1948-09-22
Desiree Frost,Chad,1961-12-15
Thomas Anderson,Mexico,1956-01-08
James Shepherd,Niger,1963-08-25
Katherine Williamson PhD,Fiji,1947-10-19
Michelle Allen,India,1961-05-09
Jared Johnson,Nauru,1968-05-02
Hayden Clark,Nauru,1981-12-07
Stephanie Ryan,Iceland,1953-07-23
John May,Sierra Leone,1977-10-11
Jessica Wood,Brazil,1975-02-28
Bruce Reid,Nauru,1947-11-09
Craig Thomas,Niger,1987-09-04
Miranda Mendez,Belarus,1984-02-18
Luis Jenkins,Malaysia,2000-02-01
Connor Raymond,Bangladesh,1996-04-20
Brian Ford,Guam,1959-02-17
Evelyn Roberts,Kuwait,1994-11-26
Mr. Kenneth Alvarado,Austria,1992-05-13
Michael Mcfarland,Sierra Leone,1973-03-14
Eric Dominguez,Palau,1980-06-04
Curtis Gross,Cape Verde,1964-01-22
Danielle Hubbard,Aruba,1955-05-11
Kelly Rivera,Palau,1960-10-29
Jason Dawson,India,1948-02-19
Angelica Lopez,Austria,1961-06-22
Debra Holloway,Albania,1965-10-10
Fernando Obrien,Argentina,1977-05-06
Brooke Andrade,Palau,1953-08-29
Lindsey Lawson,Bangladesh,1975-03-03
Ms. Anna Johnson MD,Japan,2001-10-06
Leslie Williams,Syrian Arab Republic,1962-08-04
Riley Flynn,Guam,1999-07-12
Paul Wright,American Samoa,1988-03-15
Michele Molina,Syrian Arab Republic,1991-09-30
Carolyn Owens,Albania,1959-07-11
Dwayne Roberts,Liechtenstein,1968-08-06
Ana Anderson,India,1979-07-25
Eugene Acevedo,Palau,1978-09-08
Wesley Clark,Cote d'Ivoire,1973-10-31
Max Gibson,Albania,1960-05-09
Victoria Chapman,Mexico,1977-07-08
Maria Torres,Argentina,1982-02-01
Ryan Taylor,Austria,1964-07-21
Michael House,Belarus,1953-04-18
James Cox,Mauritania,1953-11-22
Melissa Sandoval,Guam,2000-02-16
John King,Bangladesh,1991-07-29
Brandon Harris,Syrian Arab Republic,1955-03-19
Heidi Anderson,Cape Verde,1997-04-12
Tina Lee,Mexico,1975-05-06
Ann Hunter,Fiji,1996-12-17
Shaun Austin,Palau,1978-11-07
Timothy Boyd,Chad,1967-12-15
Christine Warner,Austria,1976-12-16
Kristy Armstrong,Tokelau,1956-03-19
Tina King,Greenland,1995-03-28
Nicole Malone,Tokelau,1987-03-17
Dr. Christopher Rollins,Malawi,1948-02-28
Jeanette Walker,Belarus,1992-11-28
Michelle Knapp,Japan,1996-01-23
Katherine Pierce,Malaysia,1977-01-05
Craig Roberts,Tokelau,2000-10-28
Jerome Andrews,Japan,1981-01-07
Daniel Woods,Argentina,1952-06-27
Gregory Myers,Syrian Arab Republic,2002-02-15
Anthony Knight,Japan,1984-12-06
Randall Young,Nauru,1989-01-28
Arthur Carter,Tokelau,1961-03-02
Barbara Fowler,American Samoa,1974-01-09
Brittany Brown,Cape Verde,1958-09-03
Jessica Lopez,Niger,1948-02-24
Denise Harris,Nauru,1979-08-27
Marie Arnold,Tokelau,1982-08-28
James Oconnor,Guam,1987-11-20
Debra Watson,Greenland,1989-04-08
Kimberly Thomas,Brazil,1977-07-08
Valerie Santiago,American Samoa,1961-06-01
Eduardo Ramirez,Sierra Leone,1982-03-27
Lori Foster,Syrian Arab Republic,1990-07-22
Jennifer Harris,Aruba,1955-07-28
Teresa Christensen,Argentina,1981-08-02
Misty Long,Brazil,1954-10-18
Jennifer Jacobson,Argentina,2002-10-07
Cathy Klein,Fiji,1959-12-27
Anthony Baldwin,Tokelau,1985-04-22
Jacob Wright,Iceland,1986-06-06
John Gordon,Syrian Arab Republic,1994-08-13
Jasmine Taylor,Liechtenstein,1986-01-09
Lisa Peck,India,1975-05-13
Megan Lowe,Cote d'Ivoire,1954-05-11
Dawn King,Cote d'Ivoire,1967-03-11
Amy Garcia,Tokelau,1998-03-21
Lacey Cooper,Guam,1964-06-25
Ashley Perkins,Palau,1992-12-07
Sonya Hawkins,Bouvet Island (Bouvetoya),2003-06-28
Christina Wade,Albania,1985-07-14
Michael Holloway,Brazil,1988-08-08
Justin Johnson,Malawi,1985-05-07
Dr. Bailey Harvey,Bangladesh,1980-06-08
Ashley Singh,Kuwait,2002-06-27
Kari Lopez,Palau,1959-05-24
Jeffrey Fleming,Sierra Leone,1988-07-06
Carlos Herrera,Palau,1998-12-20
Mark Spence,Tokelau,1998-10-24
Nathaniel Merritt,Liechtenstein,1956-11-24
Sheryl Soto,Niger,1982-01-05
Barry Navarro,Fiji,1965-03-02
William Terry,Chad,1958-06-11
Michelle Charles,Palau,1975-04-24
Harold Miller,Guam,1990-04-02
Emily Roberts,Tokelau,1972-06-28
Laura Arnold,Mauritania,1995-02-22
Cynthia Hall,Aruba,1991-07-27
Michael Freeman,Cape Verde,1962-09-21
Samuel Smith,Kuwait,1960-12-20
Claudia Duffy,Nauru,2003-08-26
Kevin Morris,Mauritania,1987-11-08
Brooke Swanson,Bouvet Island (Bouvetoya),1988-02-05
Brittney Meyer,Malaysia,2002-09-27
April Gomez,American Samoa,1965-07-14
Frederick Bryant,Sierra Leone,1970-10-11
Erin Hicks,Belarus,1995-06-21
Matthew Scott,Tokelau,1960-10-27
David Holt,Albania,1994-04-28
Jonathan Rice,Iceland,1981-02-02
Stephanie Richards,Chad,1957-11-26
Janet Oliver,Belarus,1976-09-30
Tamara Burnett,Guam,1977-04-05
Alexandra Price,Albania,1986-07-01
Jason Gutierrez,Fiji,1957-06-03
Rebecca Murray,Tokelau,1969-03-07
Brian Greene,Niger,1991-02-21
Thomas Roberts,Belarus,1988-06-13
Mary Moon,Malawi,1949-01-09
Brian Short,Niger,1995-07-25
Gerald Juarez,India,1965-04-08
Reginald Marks,Bouvet Island (Bouvetoya),1971-10-03
Rose King,Cote d'Ivoire,1953-03-19
Michael Zhang,Aruba,1992-11-25
Sherry Anderson,Bouvet Island (Bouvetoya),1994-04-17
Joshua Mathews,India,1953-02-23
Jessica Harvey,Mauritania,1979-03-01
Becky Jordan,Malaysia,1978-05-03
Julia Ramirez,Belarus,1996-07-22
Wendy Burke,Fiji,1998-07-11
Angelica Cohen,Guam,1991-09-09
Mary Riddle,Iceland,1992-02-16
Travis Dunn,Mauritania,1991-02-26
Sandra Franklin,Sierra Leone,1996-02-16
Daniel Robles,Brazil,1996-04-19
David Faulkner,Bouvet Island (Bouvetoya),1987-08-20
Richard Reeves,Belarus,1985-07-08
Sean Murphy,Nauru,1998-03-28
Jeffrey Mcclain,Fiji,1975-02-28
Sarah Moore,Fiji,1984-02-23
Amanda Martinez,Malawi,1999-12-29
Jaime Beasley,Japan,1979-03-13
Monique Page,Bouvet Island (Bouvetoya),1981-01-12
Brianna Grant,Aruba,1950-07-06
Catherine Vasquez,Japan,1981-08-01
Matthew Ferguson,Tokelau,1990-02-06
Charles Cruz,Kuwait,1970-09-08
Madeline Fischer,Bangladesh,1964-01-29
Melissa Mills,Belarus,2000-03-18
Brian Brown,Albania,1955-05-05
Robin Robertson,Malaysia,1953-11-15
Elizabeth Rice,Niger,1994-12-16
Jonathan Johnson,Cote d'Ivoire,1958-04-04
Shawna Gallegos,Greenland,1978-08-07
Mitchell Matthews,Greenland,1987-12-25
Justin Sanders,Kuwait,1998-06-02
Connie Ayala,Brazil,1991-08-12
Levi Cochran,Nauru,1981-08-08
Amy Fuentes,Cape Verde,1978-04-24
Tracy Martin,Brazil,1997-02-27
Ryan Gray,Kuwait,1971-05-29
Vickie Lindsey,Malaysia,1949-05-21
Sonya Bowman,Austria,1997-01-25
Donna Waters,Albania,1966-08-02
Caitlin Pruitt,Argentina,1996-10-27
Elizabeth Ortiz,Malaysia,1993-04-09
Gerald Gross,Argentina,1996-02-19
Steven Martinez,Sierra Leone,2002-12-07
Juan Robinson,Mauritania,1996-05-12
Stephanie Ross,Tokelau,1998-12-23
Justin Bradford,Nauru,1949-09-15
Andrew Anderson,Albania,1990-06-02
Juan Nelson,Belarus,2000-06-30
Jennifer Holloway,Greenland,1980-11-27
Amanda Jenkins,Niger,2000-07-27
Derek Walsh MD,Kuwait,1961-06-12
Jennifer Ellison,India,1979-01-21
Frank Hall,Kuwait,1963-07-13
Daniel Snow,Nauru,1999-09-25
Amber Thompson,Guam,1984-08-19
Melissa Smith,Japan,1995-10-27
Wendy Rosales,Austria,2001-12-09
Michael Dickson,Aruba,1978-05-07
John Hansen,Bangladesh,2001-04-22
James Lopez,Tokelau,2003-04-19
Christina Oconnor,Niger,1972-01-23
Hannah Ward,Cape Verde,1959-10-06
Mark Cameron,Chad,1992-07-21
Jeffrey Hernandez,American Samoa,1990-06-27
Amber Smith,Chad,1974-07-20
Jose Davis,Iceland,2001-04-06
Mr. Donald Lawson,Kuwait,1977-02-01
William Alvarez,Argentina,1995-03-06
Casey Green,Malawi,1972-07-13
Lauren Hernandez,Syrian Arab Republic,1955-01-18
Hector Hawkins,Niger,1965-09-20
Samuel Sims,Bouvet Island (Bouvetoya),1994-06-03
Olivia Harris,Cape Verde,1977-02-01
Jeffrey Williams,Sierra Leone,1987-05-05
Cameron Bauer,Fiji,1947-10-18
Robert Turner,Malawi,1954-07-18
Nathan Moore,Brazil,1982-10-02
Leah Allen,Argentina,1968-12-09
Belinda Ruiz,Bouvet Island (Bouvetoya),1983-08-01
Hailey Harris,Mexico,1979-11-28
Bradley Morales,Liechtenstein,1980-07-16
Joann Sherman,American Samoa,1983-11-05
Tracy Campbell,Greenland,1997-12-15
Janet Rivers,Liechtenstein,1969-07-05
John Schmidt,Niger,1990-12-02
Mark Elliott,Tokelau,1982-04-05
Derrick Barry,Aruba,1982-04-05
Stephen Dunn,Fiji,1965-11-08
John Fernandez,Argentina,1991-02-27
Cassandra Perez DDS,Niger,1978-04-22
Dustin Wolfe,Niger,1950-06-18
Philip Park,Austria,1983-07-07
Christopher Barton,Cote d'Ivoire,1997-03-01
Sandy Spencer,Aruba,1967-04-21
Linda Hunt,Mexico,1979-06-15
Robert Graham,Iceland,2003-02-27
Cody Hooper,Bangladesh,1963-04-28
Christopher Horn,Brazil,1973-03-01
Matthew Wilson,Syrian Arab Republic,1998-06-19
Stacy Smith,Bangladesh,1953-11-06
Hannah Cox,Mexico,1976-05-09
Justin Mcdonald,Malaysia,1968-11-30
Mark Shaw,Bangladesh,1967-08-14
Courtney Morgan,Cote d'Ivoire,1968-11-21
Sean Davis,India,1985-10-23
Nicole Price,Fiji,1986-01-18
Tammy Clark,India,1988-09-11
Laura Zavala,Cape Verde,1975-01-23
Brittany Maldonado,Cape Verde,1964-03-22
Dwayne Wall,Austria,1957-05-31
Lacey Thomas,Chad,1996-12-11
Charles Roberts,Guam,1949-05-04
Jasmine Ward,Fiji,1985-03-01
Douglas Sanchez,American Samoa,1955-07-10
Michael Strickland,Iceland,1987-03-29
James Morse,Sierra Leone,2003-04-06
Charles Fox,Argentina,1960-11-23
Pamela Ortega,Malawi,1955-09-09
Melanie Martinez,Japan,1998-03-24
Mr. Joseph Hill,Chad,1969-07-13
Chelsea Daniels,Aruba,1962-01-17
William Lee,Belarus,1991-07-31
Tyler Rojas,Belarus,1959-03-12
Mark Bailey,Argentina,1958-05-04
Michael Bruce,Chad,1969-02-06
William Harvey,Guam,1983-10-22
Rhonda Scott,Belarus,1957-05-05
Claire Miller,Nauru,2002-02-13
Crystal Irwin,Japan,1967-04-06
Todd Morrow,Fiji,1977-05-09
Stephanie Santos,Malaysia,1976-12-21
Beverly Moreno,Albania,1958-01-27
Tony Kidd,American Samoa,1967-05-12
Larry Terry,Japan,1962-01-31
William Smith,Malawi,1989-05-18
Jonathan Gonzalez,Tokelau,1968-06-16
Mark Jacobs,Iceland,1972-01-02
Stephanie Olsen,Mauritania,1961-11-13
Jose Moore,Syrian Arab Republic,1993-04-24
Eric Wall,Kuwait,1992-10-11
Patricia Andrews,Tokelau,1961-11-28
Anthony Park,Greenland,1962-11-23
Brian Sheppard,American Samoa,1987-12-06
Alicia Austin,Cape Verde,1972-04-19
Morgan Smith,Japan,1986-12-17
Tony Johnson,Niger,1979-12-22
Nicholas Werner MD,Chad,1955-10-11
Zachary Brown,Syrian Arab Republic,1971-06-14
Amanda Powell,Nauru,2002-09-09
Edward Goodman,Palau,1982-12-13
Joseph Barnes,Tokelau,1981-10-03
Krista Lin,Greenland,1967-03-04
Rebecca Peterson,Cote d'Ivoire,1955-12-14
Joshua Novak,Cape Verde,1973-02-26
Keith Alvarez,Mexico,1949-12-26
Ian Potts,Mexico,1985-06-16
Jason Peterson,Bangladesh,1948-04-28
Jesse Dennis,Niger,1969-11-26
Jeffery Miller,Niger,1957-01-12
Margaret Rogers,Cote d'Ivoire,1964-10-29
Valerie Green,Belarus,1968-02-09
Rhonda Dean,Iceland,1986-08-10
Jorge Nelson,Brazil,1971-12-01
Kendra Mann,Liechtenstein,1975-01-09
Shannon Rodriguez,Bangladesh,1954-07-15
Matthew Wiley,Cape Verde,1977-03-03
Sherry Hill,Niger,2000-04-30
Connie Thompson,Bangladesh,2001-09-10
Erin Kennedy,Japan,1972-09-29
Lisa Fox,Mauritania,1954-04-20
Holly Allen,Japan,1991-04-13
Jacob Gardner,Tokelau,2000-11-28
Cristian Young,Austria,1964-08-15
Charles Alvarez,Albania,1995-05-20
Kelli Olsen,Greenland,1993-03-04
Jasmine Gomez,Belarus,1963-07-15
Stephanie Flores,India,1950-09-01
Crystal Mckay,Fiji,1971-04-27
Shelby Smith,Liechtenstein,1991-03-12
Jill Miller,Aruba,1984-02-01
Kevin Dunn,Mexico,1992-01-27
Robert Hansen,Belarus,1984-03-12
John Ellis,Guam,1985-08-19
Stacy Simmons,Palau,1987-05-15
Eric Nguyen,Niger,1956-07-01
Caitlin Carter,Iceland,1983-11-23
Charles Evans,Syrian Arab Republic,1955-07-11
Kevin Robinson,Bangladesh,1956-11-08
Daniel Mcknight,Fiji,1950-12-21
Rebecca Suarez,American Samoa,1974-09-29
John Mitchell,Kuwait,1969-10-09
Joe Walker,Liechtenstein,2001-12-05
Michael Wilson,Syrian Arab Republic,1981-06-06
Donald Howell,India,1988-04-30
Jeff Werner,Malaysia,1981-01-25
Manuel Smith,Belarus,1995-06-23
Nicholas Coleman,Bouvet Island (Bouvetoya),1986-08-21
Rebekah Collins,Austria,1988-01-24
William Bender,Guam,1986-11-22
David Martinez,Iceland,1997-07-28
Joseph Adams,Niger,1959-03-15
Miranda Craig,Sierra Leone,1953-12-09
Angelica Clay,Cote d'Ivoire,1958-08-26
Ethan Ellison,Syrian Arab Republic,2001-07-21
Becky Smith,Austria,1983-10-21
Julia Miller,Cape Verde,1948-05-22
Jennifer Parker,Syrian Arab Republic,1953-08-14
Jacob Walker,Syrian Arab Republic,1995-07-18
Calvin Joyce,India,1966-01-14
Jonathan Mendoza,Albania,1977-07-10
Leslie Burke,Liechtenstein,1951-10-29
Steven Carr,Fiji,1968-08-30
Ronald Hahn,Austria,1952-09-29
Adam Moore,Cape Verde,1990-01-21
Andrew Johnson,Bouvet Island (Bouvetoya),1957-11-08
Kenneth Gonzalez,Aruba,1957-06-26
Debra Brown,Bangladesh,1951-10-10
Richard Anderson,India,1987-03-31
Kenneth Clark,Aruba,1968-01-04
Barbara Knight,Kuwait,1948-05-18
Jennifer Randall,Nauru,1965-07-10
Adam Lam,Malaysia,1972-10-29
Michael Clark,Argentina,1987-06-11
Linda Davis,Nauru,1991-12-12
Randy Smith,Albania,1997-09-27
Christy Cunningham,Liechtenstein,1995-10-02
Sarah Mills,Malawi,1965-09-24
Melody Owens,Argentina,1974-11-21
Alec Payne,Japan,1959-01-18
Haley Watson,Tokelau,1958-07-29
Deborah Wilson,Austria,2003-09-04
Melissa Burns,Mexico,1958-10-14
Cody Nunez,Cape Verde,2001-08-22
Lisa Hamilton,Sierra Leone,1954-05-29
Amanda Brooks,Iceland,1994-10-21
Mikayla Sheppard,Liechtenstein,1971-08-07
Tracey Rivera,Nauru,1984-09-03
Michael Liu,Bouvet Island (Bouvetoya),1963-04-28
Craig Dean,India,1999-01-10
Sherri Potter,Austria,1991-01-06
Jessica Young,Aruba,1951-03-20
Michael Carpenter,Sierra Leone,1991-02-13
Alison Deleon,Austria,1970-09-02
Samantha Brooks,Iceland,1994-04-30
Jose Garner,Mauritania,1965-10-15
Larry Kaufman,Cape Verde,1965-07-17
Collin Duncan,Brazil,1953-11-18
Brian Jenkins,Cote d'Ivoire,1965-08-23
Eric Buckley,Cape Verde,1996-02-02
John Newman,Malawi,1977-06-05
Lauren Lyons,Chad,2001-06-15
Thomas Fischer,Sierra Leone,1956-11-21
Amanda Crawford,Nauru,1981-02-18
Chelsea Cervantes,Chad,1960-12-22
Ronald Mcclure,Guam,1995-08-03
Jose Brown,Greenland,1986-03-14
Martin Merritt,Mexico,1980-06-25
Danielle Krueger,Belarus,1981-11-11
Michael Ramirez,Greenland,1962-05-25
Patrick Greene,Nauru,1951-03-23
Timothy Garcia,Japan,1993-04-19
Heather Berg,Fiji,1992-04-03
Amy Mitchell,Nauru,1951-09-13
Hannah Cordova,Chad,1962-07-30
Jason Webb,Albania,1988-07-15
Mary Stevenson,Syrian Arab Republic,1986-12-30
Paul Lopez,Palau,1969-07-01
Katherine Wong,Malawi,1954-03-14
Monica Arnold,Sierra Leone,1992-10-23
Darren Fox,Malawi,1997-04-20
Monica Chaney,Cote d'Ivoire,2003-08-21
George Cooper,Mauritania,1975-11-30
Monica Cooper,Mauritania,1973-07-09
Brandon Mcdonald,Argentina,1958-06-10
Jesus Mcguire,Cote d'Ivoire,1981-02-06
Chris Browning,Mauritania,1950-02-16
Adam Smith,Niger,1960-04-21
Kristina Kim,Nauru,1979-07-13
Casey Flowers,Malawi,1983-09-18
Shannon Davis,Cote d'Ivoire,1985-01-04
Barbara Wood,Malaysia,1986-01-30
Michael Henderson,Mexico,1962-04-17
Ann Murray,Bouvet Island (Bouvetoya),1977-07-11
Timothy Finley,Guam,1977-11-20
Luis Torres,Nauru,1988-11-10
Jack Henderson,Mexico,2000-02-24
Michael Mcgrath,Bouvet Island (Bouvetoya),1983-11-10
Angela Johnson,Liechtenstein,1966-01-20
Andrea Morgan,Niger,2000-05-24
Sara Walsh,Bangladesh,1961-12-26
Kirk Sosa,Chad,1973-12-02
Paul Ryan,Brazil,1980-01-13
Steven Peterson,Kuwait,1990-06-09
Jennifer Boyer,Argentina,2000-12-19
Matthew Coleman,Nauru,1980-06-09
Donna Arnold,Malaysia,1964-10-26
Jeffery Russo,Mauritania,2001-01-27
Crystal Baker,Albania,1984-11-28
Shaun Oneal,Aruba,1962-07-28
Zachary Wu,Kuwait,1993-04-21
Stephen Walker,India,1957-01-13
Tamara Bartlett,Bangladesh,1960-09-24
Samuel Roberts,Albania,1964-11-14
Carlos Smith,Brazil,1963-03-26
Nicole Hobbs,India,1966-12-01
Sherri Morris,Niger,1965-09-04
Dana Jensen,Mexico,1968-01-22
Michael Bishop,India,1975-12-07
Carrie Davenport,Nauru,1982-01-28
Sharon Jones,Tokelau,1966-10-25
Gregory Ibarra,Guam,1977-04-05
Scott Thornton,Albania,1982-10-29
Juan Jones,Syrian Arab Republic,1995-03-20
Michael Watson,Kuwait,1998-02-10
Amy Reilly,Liechtenstein,1975-10-11
Jon Nelson,Cape Verde,1961-02-19
Melanie Ward DDS,Bouvet Island (Bouvetoya),1970-01-17
Pamela Perry,American Samoa,1973-09-10
Christopher Thomas,Argentina,1956-12-01
John Chandler,Mexico,1972-12-24
Michele Santos,Aruba,1982-05-22
Shawn Jacobs,Sierra Leone,1988-11-03
Kevin Kelly,India,1949-04-27
Thomas Bishop,Guam,1957-04-16
Matthew Fowler,Iceland,1964-09-19
Leslie Hughes,Niger,1983-08-04
Cheyenne Hughes,Mexico,1948-03-17
Lindsey Medina,American Samoa,1996-08-27
Christy Rodriguez,Bangladesh,1973-04-19
Tracy Flores,Kuwait,1949-11-12
Lorraine Hamilton,Greenland,1954-06-30
Robert Davis,Bangladesh,1979-07-22
Mark Stone,Brazil,1992-05-05
David Mitchell,Palau,1953-06-01
Sara Torres,Fiji,1971-04-15
Peter Rose,Niger,1996-01-26
Jessica Morrow,Mexico,1968-10-29
Hailey Guerrero,Cape Verde,1982-10-13
Steven Lin,Guam,1963-07-09
Felicia Hudson,Palau,1998-09-01
Xavier Adams,Iceland,1950-08-19
Robert Kaufman,Mexico,2002-04-18
Tiffany Trevino,Bangladesh,1969-07-13
Chad Hughes,Belarus,1960-02-25
Jose Rowe,Niger,1953-06-04
Pamela Davis,Cote d'Ivoire,1988-06-09
Cathy Snyder,Bouvet Island (Bouvetoya),1994-04-27
Michael Salinas,Mauritania,1985-08-08
Timothy Carson,Sierra Leone,1954-01-19
Pamela Perez,Niger,1949-05-07
Willie Martin,Bangladesh,1965-09-29
Virginia Fitzgerald,Bangladesh,1974-03-12
John Allen,Palau,1984-08-01
Jordan Crawford,Palau,1980-01-16
Kyle Gonzalez,Cote d'Ivoire,1979-03-31
Mary Juarez,Kuwait,1986-06-27
Andrea Webster,Bangladesh,1997-05-28
Eric Baldwin,Liechtenstein,2001-06-17
Keith Harvey,Iceland,1953-12-29
Jennifer Martin,Malawi,1950-05-04
Benjamin Wright,Argentina,1998-04-27
Melissa Christian,Mexico,1997-09-10
Caleb Coleman,Bouvet Island (Bouvetoya),1971-07-13
Kevin Stewart,Austria,1988-06-24
Janice Campbell,Niger,1948-12-20
Paula Davis,Greenland,1949-07-21
Raymond Ford,American Samoa,1966-12-27
Heather Murray,Chad,1954-10-25
Anthony Wright,Nauru,1975-06-01
Michael Butler,Guam,1957-03-26
Jerry Anthony,Bangladesh,1986-12-15
Heather Odonnell,Chad,1971-09-16
Crystal Neal,Aruba,1989-10-06
Megan Lambert,Cote d'Ivoire,1994-12-24
Michael Arnold,Guam,1996-05-24
Kevin Joseph,Chad,1999-07-08
Monica Oneal,Kuwait,1978-08-02
Gerald Thornton,Tokelau,1977-01-22
Richard Thompson,Chad,1994-12-07
Michael Hernandez,Niger,1966-09-12
Michelle Guerrero,Niger,1989-12-24
Lydia Jones,Kuwait,1968-08-20
Dylan Farrell,Liechtenstein,1995-03-26
Stephanie Carr,Aruba,1962-06-06
Kevin Mays,Cote d'Ivoire,1998-07-28
Debra Edwards,Brazil,1981-05-28
Thomas Adkins,India,1971-03-28
Nicholas Mcintosh,Austria,1962-08-26
Erica Hernandez,Mexico,1972-06-26
Lauren Cole,Niger,1963-06-05
Isaiah Compton,Japan,1957-01-17
Lee Macdonald,Cote d'Ivoire,1993-06-13
Cynthia Chavez,Belarus,1952-04-23
Ashley Lambert,India,2000-01-02
Kevin Miller,Cote d'Ivoire,1970-12-21
Jackson Schwartz,Argentina,1989-06-29
Mrs. Courtney Patel,Liechtenstein,1991-11-18
Douglas Phillips,Malaysia,1978-01-28
Rachael Taylor,Bouvet Island (Bouvetoya),1954-07-06
Shirley Wise,Brazil,1958-07-24
Lori Huerta,Kuwait,1972-05-04
Rachel Goodman,Mexico,1956-11-02
Alexander Knight,Palau,1986-09-06
Joanna Johnson,Mexico,1964-12-28
Steven Cervantes,Greenland,1985-03-25
Andrew Duncan,Malawi,1949-09-24
Joanna Hunter,Belarus,1965-07-08
Kayla English,Bouvet Island (Bouvetoya),1950-07-07
Christina Flores,Brazil,2001-09-28
Paul Miller,Palau,1991-02-04
Ronald Gonzales,Bouvet Island (Bouvetoya),2002-10-18
Ryan Key,Bangladesh,1992-06-09
Matthew Harris,Kuwait,1963-05-26
Billy Dixon,Brazil,1962-05-11
Katie Lang,Guam,2003-01-03
Marie Vargas,Iceland,1971-06-29
Darrell Molina,Bouvet Island (Bouvetoya),1996-11-28
James Stein,Liechtenstein,1990-11-13
Vincent Miller,Austria,1965-05-03
Mark Wagner,Aruba,1986-12-07
Anthony Garcia,Argentina,1971-02-12
Charles Chavez,Argentina,2001-01-31
Nancy Bryant,Chad,1958-07-03
Zachary Yoder,Bangladesh,1975-05-10
Bruce Henry,Bangladesh,1986-01-19
Christina Garza,Japan,1949-05-26
George Moore,Liechtenstein,1996-02-17
Max Maddox,Kuwait,1949-01-05
Jason Patterson,Malaysia,1975-08-26
Nicole Evans,Cote d'Ivoire,2000-01-16
Amber Brown,Fiji,1959-10-20
Heather Casey,Argentina,1951-12-04
Linda Rivera,Tokelau,1960-01-06
Miranda Skinner,Aruba,1955-08-28
Michelle Hopkins,Aruba,1971-05-02
William Taylor,Aruba,1948-12-26
James Lee,Mexico,1979-08-13
John Brown,Cape Verde,2002-12-01
Barbara Rush,Belarus,1953-08-13
Brian Liu,Cote d'Ivoire,1961-02-16
Miranda Warren,Chad,1961-05-13
Carolyn Fowler,American Samoa,1954-06-04
Michael Rios,Sierra Leone,1984-09-11
Amanda Palmer,Nauru,1956-01-14
Laura Green,Iceland,1952-11-01
Brad Blake,Palau,1987-06-01
Scott Edwards,Chad,1961-04-21
Kenneth Ramirez,Nauru,1959-12-29
Christine Price,Bangladesh,1950-03-06
Joseph Bullock,Brazil,1985-01-09
Kara Hanson,Tokelau,1960-01-13
Adam Harrison,Guam,1951-02-28
Denise Yates,Japan,1949-02-21
Paul King,Guam,1969-10-13
Susan Hall,American Samoa,1989-12-20
Jamie Alexander,Brazil,1952-01-25
Jacqueline Daniel,Nauru,1953-12-22
Audrey Donovan,Argentina,1975-07-06
Jessica Gomez,Tokelau,1970-11-01
Jessica Rodriguez,Chad,1969-03-14
Joshua Kane,Cote d'Ivoire,1983-12-20
Philip Reyes,India,1970-11-16
Gary Bowman,Niger,1970-06-13
Alison Sweeney,Japan,1967-06-17
Matthew Griffin,Palau,1992-01-15
Christopher Obrien PhD,Argentina,1975-07-03
Melanie Russell DVM,India,1952-08-17
Matthew Mitchell,Nauru,1948-03-19
Jacob Lee,Argentina,1999-06-17
Henry Rosales,Niger,1959-01-04
Martin Hopkins,Tokelau,2000-03-16
Trevor Lopez,Niger,1971-03-20
Joshua Gaines,Palau,1955-08-12
Adam King,Greenland,1979-03-16
Susan Wong,Mexico,1969-03-19
Wayne Nicholson,Cape Verde,1991-03-15
Mr. Kevin Mitchell DDS,Mauritania,1963-06-20
Thomas Parks,Japan,1975-02-04
Eric Patton,American Samoa,1957-01-13
Joshua Moreno,Sierra Leone,2002-01-26
Amanda Wilson,Brazil,1951-04-29
Thomas Powell,Japan,1997-09-14
Gina Daugherty,Tokelau,1985-06-19
Rachel Meadows,Tokelau,1976-06-27
Curtis Rodriguez,Kuwait,1990-08-02
Pamela Chambers,Liechtenstein,1973-10-13
Angela Wright MD,Kuwait,1949-05-02
Michelle Christian,Mexico,1997-09-20
Linda Campbell,Brazil,1962-02-09
Christopher Ford,Albania,1986-06-28
April Hernandez,Sierra Leone,1982-02-25
Nicholas Burke,Iceland,1968-03-16
Donald Wilson,Palau,1967-12-09
Brian Collins,Syrian Arab Republic,1997-06-24
Patty Alvarez,Mexico,1995-01-22
Kenneth Mcdonald,Nauru,1969-10-17
Morgan Schmidt,Cape Verde,1962-08-26
Bonnie Reynolds,Guam,1971-05-14
Chad Smith,Niger,1954-04-26
Monica Wong,Albania,1973-12-29
Justin Alvarez,Sierra Leone,1955-12-13
Melissa Johnson,Malaysia,1976-04-10
Adam Marquez,India,1970-11-18
David Morris,Malawi,1947-11-21
Raymond Mercer,American Samoa,1969-09-10
Connie Torres,Iceland,1973-12-22
George Moyer,Kuwait,1986-05-07
Bobby Norris,Austria,1963-05-01
Emma Bell,Aruba,1952-12-02
Jamie Mitchell,Bangladesh,1956-07-02
Rachel Shelton,Albania,1955-03-24
Sheryl Sanders,Brazil,1955-01-02
Jonathan Vasquez,Niger,1982-08-06
Nicole Dean PhD,Iceland,1968-12-25
Tracy Jones,Iceland,1958-03-19
Cody Castaneda,Albania,1957-09-24
Elizabeth Jones,Nauru,1956-04-07
Sarah Jackson,Liechtenstein,1962-03-22
Sheryl Martin,Bouvet Island (Bouvetoya),1994-12-30
Carolyn Rodriguez,Brazil,1999-10-28
Kristen Velez,Nauru,1958-04-10
Laura Reeves,Liechtenstein,1989-09-03
Herbert Farmer,Niger,1994-07-22
Jessica Mendez,Kuwait,1973-07-13
Sara Tapia,Japan,1966-06-03
Lisa Shepherd,Greenland,1955-01-16
Carla Franco,Malawi,1985-08-01
Gregory Harris,Cape Verde,1962-05-09
Jonathan Vang,Niger,1983-10-05
David Campbell,Cape Verde,1961-06-24
William Pace,Fiji,1994-10-30
Edgar Johnston,Mexico,1985-02-23
Jennifer Hughes,Syrian Arab Republic,1954-07-15
Carrie Fisher,Brazil,1990-06-29
David White,Mexico,1981-05-08
Bryan Hudson,Nauru,1970-11-29
Marc Schmidt,Brazil,1958-06-04
Kristine Kirby,Fiji,1963-12-04
Jill Thomas,Iceland,1988-07-14
Leonard Ruiz,Chad,1996-05-24
Amanda Vargas,Greenland,1951-11-29
Tonya Singleton,Guam,1983-02-20
Amy Kelley,Austria,1980-06-21
Karen Banks,Tokelau,1950-06-28
Jill Brown,Brazil,1959-10-22
James Joseph,Brazil,1965-10-28
John Moon,American Samoa,1992-04-05
Theresa Mcdaniel,Mexico,1956-02-16
Nancy Hogan,Malawi,1964-05-13
Adriana Weaver,Malaysia,1949-08-23
James Gray,Liechtenstein,1966-07-18
Tammy Santiago,Palau,1954-06-02
James Shea,Fiji,1976-12-25
Megan Taylor,Mauritania,1997-01-19
Katherine Jimenez,Niger,1991-07-14
William Mcclain,India,1974-01-16
Benjamin Nielsen,Tokelau,1965-07-23
Marie Robbins,Kuwait,1966-04-02
Patrick Winters,Nauru,1949-07-18
John Mccormick,Albania,1958-07-10
Sarah George DDS,Syrian Arab Republic,1957-01-14
Jennifer Fisher,Albania,1989-10-13
Emily Mills,Iceland,1993-10-03
Felicia Bell,Sierra Leone,1968-02-28
Troy White,Belarus,1988-01-15
Melissa Peterson,Austria,1952-03-28
George Carlson,Palau,1958-01-08
Kimberly Fitzpatrick,Cote d'Ivoire,1972-04-21
Gary Carrillo,Mauritania,1988-08-13
Mark Hughes,Fiji,1991-01-12
Walter Rogers,Malaysia,1974-12-20
Christopher Bradley,Iceland,1960-07-22
Taylor Jefferson,Bangladesh,1989-07-08
Veronica Knapp,Bouvet Island (Bouvetoya),1954-05-27
Dustin Hall,Aruba,1980-10-20
Amanda Hernandez,Palau,1976-11-28
Lynn Ramirez MD,Fiji,1948-01-03
Hayley Ewing,Iceland,1990-12-10
Dakota Turner,Guam,1954-08-15
Jesse Lawson,India,1976-05-29
Denise Munoz,Liechtenstein,1969-12-17
Mr. Jeremy Sanchez DDS,Argentina,1988-09-13
Adam Pham,Albania,1980-10-01
Jonathan Cuevas,Mauritania,2002-08-17
Kimberly Bryant,Belarus,1968-11-02
Hannah Franklin,Malawi,1999-02-14
Richard Brown,Chad,1970-05-01
Kim Thompson,Cote d'Ivoire,1961-12-07
Rhonda Hendricks,Sierra Leone,1959-09-07
Brenda Rivera,Belarus,1970-03-26
Brittany Carr,Chad,2000-04-10
Heather Gordon,Nauru,1979-10-23
Michelle Black,Syrian Arab Republic,1972-09-25
Jennifer Henderson,Bouvet Island (Bouvetoya),1970-04-21
Julie Martinez,Bouvet Island (Bouvetoya),1963-07-24
Susan Owen,Mexico,1958-04-26
Eric Hughes,Malaysia,1960-09-02
Adam Hardin,Bouvet Island (Bouvetoya),1950-11-18
Mr. James Nicholson,Austria,1971-05-31
Kayla Cole,Liechtenstein,2000-10-20
Dr. Jasmine King PhD,American Samoa,1997-06-24
Bailey Santiago,Sierra Leone,1969-09-18
Bryan Brady,Iceland,1985-11-24
Larry Williams,Palau,1968-10-25
Mary Hardy,Palau,1979-09-02
Mr. Mark Villanueva MD,Chad,1984-01-27
Rebekah Pena,Belarus,1972-06-06
Jill Burns DVM,Guam,1983-06-29
Cody Goodwin,Palau,1969-08-02
David Golden,Japan,1990-05-28
Gregory Jimenez,Bouvet Island (Bouvetoya),1954-07-15
James Coleman,Mexico,1956-04-25
Jerry Newman,Nauru,1976-11-30
Daniel Miller,Tokelau,1970-05-14
Kelly Moran,Nauru,1973-04-12
Donald Kim,Aruba,1988-10-26
Monique Hernandez,Nauru,1999-08-08
Haley Kim,Albania,1979-05-23
Danielle Ward,Fiji,1973-10-11
Julia Schmidt,India,1972-05-22
Leslie Livingston,Iceland,1953-05-16
Linda Johnson,Mexico,1980-12-31
Angel Mcclain,American Samoa,1994-05-26
Troy Young,Kuwait,1974-04-25
Allen Sanchez,American Samoa,1985-05-27
Jeffrey King,American Samoa,1981-06-22
Phillip Alvarez,Guam,1983-01-21
Daisy Burns,Cape Verde,1995-06-09
Malik Nash,Kuwait,1997-08-04
Anna Thomas,American Samoa,1998-09-24
Phillip Hester,Chad,1966-11-04
Thomas Jones,Austria,1985-09-25
Regina Williams,Mauritania,2000-09-16
Andrew Rogers,Chad,1983-10-07
Miranda Anderson,Chad,1959-06-20
Michael Gonzalez,Brazil,1983-09-18
Kelly Adams,Nauru,1970-01-29
Jennifer Ford,Sierra Leone,1964-08-09
Frank Scott,Guam,1959-08-31
Colleen Gonzales,Cape Verde,1983-01-31
Kyle Gray,Austria,1957-03-04
Christina Sullivan,Austria,1976-10-04
John Morrow,Cote d'Ivoire,1949-04-24
Billy Thomas,Mexico,1982-12-06
Cassandra Marsh,Tokelau,1965-02-12
Julie Ho,Fiji,1984-04-26
Gabriel Montgomery MD,Malawi,1955-09-04
Paul Hernandez,Liechtenstein,2000-04-06
Christina Johnson,Palau,1996-05-14
Sean Jensen,Argentina,1998-02-22
Crystal Oliver,Belarus,1974-08-17
Ashley Turner,Nauru,1958-12-14
Elizabeth Ellis,Sierra Leone,1964-07-23
Michelle Perez,Syrian Arab Republic,1954-03-17
Mary Jordan,Niger,1967-02-23
Jesus Austin,Syrian Arab Republic,1989-07-11
Brian Owens,Mauritania,1970-08-11
Nichole Gutierrez,Palau,1954-08-04
Katie Sutton,Guam,1977-09-22
Jean Ruiz,Sierra Leone,1972-02-09
Jeffrey Peters,Mexico,1950-06-27
Nicole Hogan,Japan,1966-08-01
Karen Morgan,Tokelau,1979-05-03
Eugene Martin,Niger,1956-12-05
Curtis Thornton,Fiji,1963-08-16
Tracey Robbins,Belarus,1976-06-12
Lisa Ruiz,Palau,1950-09-27
Crystal Rogers,Cape Verde,1981-06-15
George Esparza,Japan,1992-07-22
Jacob Torres,Argentina,1948-04-15
Michael Hale,Malawi,1965-08-09
Charles Collins,Bouvet Island (Bouvetoya),1952-03-02
Kyle Spencer,Chad,1952-03-27
Joseph Thompson,Belarus,1964-12-03
Brian Terry,Brazil,1971-05-29
Nicole Ramos,Iceland,1965-06-06
David Graves,Belarus,1996-12-22
Jake Wilson,Malaysia,1994-02-15
Joyce Anderson,Guam,1968-06-15
David Perry,Sierra Leone,1992-03-18
Jennifer Keller,Greenland,1947-12-05
Sandra Norris,Albania,1981-06-18
Stuart Ramirez,Albania,1996-12-06
Andrea Harris,Mexico,1972-05-20
Cynthia Garcia,Belarus,1953-06-17
Jill Wells,Argentina,1988-03-31
Wendy Wallace,Guam,1991-04-03
Anna Harris,Malawi,1950-03-27
Sheri Meza,Brazil,1996-12-07
Roger Navarro,Bouvet Island (Bouvetoya),1960-01-25
Jeffrey Johnson,Palau,1976-06-09
Sean Holmes,Greenland,1983-09-17
Lisa Taylor,Cape Verde,1949-05-15
Dennis Donovan,Chad,1971-08-17
April Thompson,Syrian Arab Republic,2002-12-01
Valerie Horton,Brazil,1985-02-19
Tanya Santana,Guam,1961-08-10
Laurie Wallace,Nauru,1970-11-24
Christy Gregory,Albania,1982-09-02
Amanda Warren,Belarus,1983-01-25
Savannah Coleman,Niger,1995-06-08
Kimberly Skinner,Guam,2002-07-09
Joseph King,Malawi,1972-02-21
Angela Thompson,Cape Verde,1962-11-01
Joseph Johnson,Brazil,1949-04-24
Jason Foster,Cape Verde,1954-06-08
Jennifer Stevens,Belarus,1975-02-18
Danielle Gill,Malaysia,1996-05-22
Charles Hansen,Tokelau,2000-11-04
Janet Lloyd,Guam,1977-02-02
Katie Martinez,Palau,1956-02-25
Rodney Farmer,Liechtenstein,1959-01-30
Antonio Kramer,Cote d'Ivoire,1958-02-08
Whitney Lopez,Albania,1971-12-29
Jean Webb,Greenland,1987-06-18
Miranda Sawyer,Syrian Arab Republic,1978-06-08
Amanda Taylor,Malawi,1951-07-15
Ariana Glenn,Nauru,1981-03-24
Logan Hansen,Kuwait,1953-09-04
Jennifer Gonzales,Belarus,1961-11-29
Steven Carroll,Austria,1967-09-25
Ryan King,Bouvet Island (Bouvetoya),1950-12-20
Kevin Mata,Belarus,1958-08-09
Steven Walker,Bouvet Island (Bouvetoya),1955-01-22
Michele Cox,Mexico,1971-03-24
Thomas Phillips III,Tokelau,1963-08-11
Alyssa Lopez,Syrian Arab Republic,1956-10-08
Joseph Perkins,Iceland,1991-11-24
Kathryn Mcclure,Aruba,1961-02-04
Monica Cameron,Guam,1967-05-05
Kristy Bowers,Cote d'Ivoire,1952-10-24
Daniel Johnson,Syrian Arab Republic,1956-04-06
Mr. Alexander Sims,Cape Verde,1955-11-16
Lisa Lee,Tokelau,1957-04-29
Denise Douglas,Palau,1952-10-09
Nathan Roberson,Kuwait,1990-10-22
Melissa Archer,India,1991-05-09
Dawn Reyes,Greenland,1966-01-02
Patty Walker,Chad,1963-08-20
Jennifer Ross,India,1977-06-07
Elizabeth Newton,Belarus,1983-09-04
Dana Mendez,American Samoa,1948-03-04
Chelsea Stone,Guam,1966-03-28
Jennifer Vasquez,Liechtenstein,1993-03-06
Brian Miller,Syrian Arab Republic,1967-09-06
Charles Jarvis,Albania,1983-08-12
Dr. Aimee Thompson,Austria,1973-12-06
Elizabeth Howard,Syrian Arab Republic,1993-01-15
Rebecca Snyder,Brazil,1965-05-15
Christina Le,Malaysia,1970-09-03
Robert Warren,Greenland,1953-04-03
Katherine Walker,Bouvet Island (Bouvetoya),1979-09-07
Thomas Brewer,Bouvet Island (Bouvetoya),1955-09-21
David Higgins,Chad,1965-02-20
Anna Stone,Fiji,2000-02-24
Trevor Edwards,Greenland,1991-01-09
Cameron Adams,Niger,1965-01-01
Rachel Porter,Cape Verde,1980-01-23
Jillian Nelson,Bangladesh,1978-01-13
Wendy Gomez,Belarus,1982-03-08
Mrs. Janice Jackson PhD,Bangladesh,1965-07-11
Joseph Mccormick,Iceland,1968-01-05
Joann House,Syrian Arab Republic,1974-12-11
Karen Williams,Cote d'Ivoire,1990-12-13
Bethany Henson,Malaysia,1984-03-29
Alex Anderson,Nauru,1983-05-16
Shelley Stephens,Niger,1987-10-20
Danielle Davis,Mexico,1996-12-08
Raymond Hoover,Bouvet Island (Bouvetoya),1991-11-06
Jonathon Diaz,Mauritania,2000-08-21
Rick Campos,Syrian Arab Republic,1947-12-16
Heather Young,Austria,1986-06-04
Casey Lawrence,Nauru,1996-06-10
Geoffrey Keller,Bangladesh,1972-09-07
Ryan Williams,Belarus,1997-05-05
Willie Henderson,Belarus,1993-11-18
Ronald Mclean,Kuwait,1990-06-23
Karen Conrad,Tokelau,1988-09-24
Troy Mejia,Cote d'Ivoire,1949-11-12
Joshua Raymond,Nauru,1994-02-22
Mr. Jerry Brown,Aruba,1967-04-11
Bridget Randall,Austria,1997-03-11
Chad Bullock,Mexico,1989-03-27
Kathleen Adams,Greenland,1981-07-03
Thomas Sanchez,Albania,1994-05-27
Melissa Moody,Belarus,1968-06-02
Richard Ramos Jr.,Kuwait,2000-11-11
Jennifer Strong,Cote d'Ivoire,1952-05-10
Jennifer Cohen,Tokelau,1988-07-24
Krista Miller,Cote d'Ivoire,1995-05-08
Amber Griffin,Malawi,1987-09-07
Sean Wilson,Argentina,1986-03-05
Mrs. Sandra Jimenez DDS,Greenland,2000-07-16
Deborah Gardner,Sierra Leone,1992-04-15
Melissa Jackson,Mexico,1999-11-26
David Barnes,India,1965-12-02
Judith Crawford,Brazil,1965-07-11
Joshua Rodgers,Fiji,1948-04-28
Brandon Bailey,Sierra Leone,1948-12-02
Austin Marshall,Guam,1967-03-16
Thomas Evans,Fiji,1963-11-30
Dr. Daniel Rivera,Liechtenstein,1955-09-11
Daniel Fowler,Palau,1997-04-17
Matthew Watkins,Palau,1981-03-14
Mark Rivera,Austria,1963-04-06
Kathy Jones,Fiji,1952-07-17
Gregory Lester,Cape Verde,1978-01-31
Robert Robinson,Malaysia,1968-11-20
Shawn Campbell,Nauru,2002-09-23
Joseph Keller,Liechtenstein,1975-09-18
Kimberly Cain,Cote d'Ivoire,2000-06-13
Todd Smith,Chad,1965-11-07
Wesley Mcbride,Niger,2001-09-16
Darlene Cowan,Tokelau,1964-07-14
Sandra Carlson,Guam,1999-08-03
Cynthia Park,Liechtenstein,1952-01-15
Harry Scott,Malaysia,1987-03-24
Kenneth Sutton,India,2000-05-27
Jon Lee,Brazil,1965-12-28
Michelle Buckley,Aruba,1995-04-27
Jennifer Allen,Greenland,1974-04-25
Joseph Mendez,Mexico,1973-03-22
Shannon Johnson,Greenland,1971-10-19
Peter Smith,India,1953-10-12
Michael Sims DDS,Fiji,1991-08-01
Heather Stone,Austria,1948-02-29
Randy Hartman,Tokelau,2003-01-31
Chelsea Allen,Malawi,1962-02-09
Danny Sherman,India,1960-05-05
Kayla Harrington,Cape Verde,1983-12-16
Joshua Peters,Niger,2003-02-23
Steven Watts,Palau,1973-09-07
Sarah Thompson,Nauru,1968-04-22
Matthew Davis,Niger,1986-03-05
Alicia Holt,Malawi,1994-08-16
Kevin Garcia,Palau,1957-02-10
Sarah Brooks,Chad,1966-03-31
Mary Fletcher,Chad,1994-09-03
Dennis Benton MD,Liechtenstein,1963-06-15
Catherine Becker,Tokelau,1971-12-07
Alan Gibson,Cote d'Ivoire,1987-08-12
Andrea Jordan,Bangladesh,1985-06-10
Terri Leach,Iceland,1994-04-03
Kaylee Graves,Cape Verde,1969-10-12
Laura Ryan,Cote d'Ivoire,1975-10-23
Stacey Hall,Liechtenstein,1973-06-05
Michael Serrano,Belarus,2000-01-05
Julie Buck,Mauritania,1995-09-30
Debbie Norris,Malaysia,1988-07-30
Derek Thomas,Belarus,1993-11-19
George Martin MD,Mauritania,1948-11-06
Pamela Miller,Palau,1954-06-21
Richard Hamilton,India,1995-12-07
Nicholas Morales,Tokelau,1961-12-08
Nathaniel Petersen,Tokelau,1972-04-29
Kristin Thomas,American Samoa,1965-08-12
Mary Hunt,Bangladesh,1986-10-04
Deanna Richards,Albania,1977-09-22
Sarah Poole,Syrian Arab Republic,1987-11-13
Scott Davis,Nauru,1960-07-11
Jacqueline Wilson,Kuwait,1952-01-31
Timothy Flores,Bouvet Island (Bouvetoya),1956-05-11
Edward Cross,Mexico,1967-12-20
Michael Reid,Brazil,1972-09-22
Margaret Martin,Guam,1960-07-01
Anna Salinas,Argentina,1995-11-10
Cindy Obrien,India,1983-05-27
Elizabeth Potts,Bangladesh,1961-07-15
Karen Turner,Liechtenstein,1959-11-11
Anna Gordon,Guam,1999-07-17
Dawn Sampson,Japan,1969-12-09
Jaclyn Potter,Japan,1974-02-03
Hannah Alexander,Brazil,1990-08-06
Kenneth Wagner,Sierra Leone,1971-04-27
Jason Taylor,Belarus,1968-11-04
Anthony Bell,Niger,1949-01-08
Hannah Underwood,Austria,1978-10-12
Kristin Brown,Bouvet Island (Bouvetoya),1990-02-17
Sydney Marshall,Aruba,1949-12-14
Crystal Farley,Fiji,1996-08-09
Karen Reyes,India,1963-01-22
Ian Hill,Syrian Arab Republic,1977-06-09
Alexis Sellers,Guam,1985-12-02
Deborah Bowen,Cape Verde,1991-02-19
David Ramirez,Chad,1986-04-12
Dr. Catherine Frey,Argentina,1985-05-08
Bailey Wright,Niger,1982-04-16
Kenneth Flores,Kuwait,1968-09-29
Toni Rios,Iceland,1952-06-21
Kimberly Burns DVM,Albania,1995-08-21
Erin Gray,Palau,1998-03-11
Alexis Duran,Kuwait,1957-09-05
Regina Torres,Chad,1978-04-10
Larry Jennings,American Samoa,1963-01-10
Melissa Frederick,Nauru,1996-09-04
Christopher Rodriguez,Mauritania,1966-12-08
Jerry Keller,Mexico,1961-08-20
Sarah Hall,Tokelau,1968-07-25
Heidi Allen,India,1983-01-15
Peter Sherman,Malawi,2002-01-13
Jessica Collins,Sierra Leone,1970-03-20
Jeffery Deleon,Mauritania,1971-04-02
Mark Smith,Argentina,1995-09-18
Collin Gonzales,Nauru,1966-04-28
Carrie Guzman,Malaysia,1957-12-09
Lindsey Jones,Liechtenstein,1990-05-08
Mary Miranda,American Samoa,1964-03-14
Kristina Obrien,Brazil,1959-04-11
Joseph Sparks,Kuwait,1990-12-28
Scott Shaw,Liechtenstein,1988-12-01
Debra Anderson,Belarus,1980-07-10
Timothy Williams,Syrian Arab Republic,1964-01-11
Gerald Hess,Argentina,1968-12-10
Krystal Hicks,Japan,1958-04-16
Carlos Zuniga,Tokelau,1976-01-22
Dustin Paul,Greenland,1971-04-04
Gregory Brown,Mexico,1959-10-30
Daniel James,Nauru,1958-08-10
Jennifer Frye,Kuwait,1959-10-01
Janet Diaz,Liechtenstein,1982-09-22
Craig Nelson,Aruba,1962-09-02
Johnathan Carroll,Bangladesh,1988-04-23
Christopher Erickson,Chad,1948-12-16
Bradley Smith,Cote d'Ivoire,1977-02-16
John Spencer,Nauru,1984-03-15
Tammy Reynolds,Chad,1949-07-22
Jeffrey Cohen,Malaysia,1987-11-16
Tyrone Brown,Mexico,1985-12-17
Janet Sawyer,Japan,1961-06-19
Donna Lewis,Bangladesh,1973-09-20
Steven Cobb,Albania,1982-10-26
Aaron Jimenez,Malaysia,1948-06-21
Edward Holloway,Fiji,1965-09-30
April Best,Malaysia,1968-10-19
Jose Lawrence,Cape Verde,1964-06-20
Jordan Garcia,Niger,1949-06-15
Kathy Graham,Sierra Leone,1966-06-11
Michael Fitzgerald,India,1975-01-05
Todd Webster,Aruba,1994-12-31
Kimberly Oneill,Niger,1987-08-23
Allison Cox,Fiji,1978-11-16
Alexis Martinez,Mauritania,1965-07-07
Amy Perry,Iceland,1954-12-01
Cheryl Walker,Belarus,1977-12-15
Miss Sandra Warner,Mauritania,1980-03-24
Austin Wells,Tokelau,1951-08-18
Victoria Gutierrez,Liechtenstein,1967-03-22
Travis Price,Liechtenstein,1977-07-23
Anne Lynn,Liechtenstein,1961-07-27
Charles Thomas,Liechtenstein,1951-01-04
Kristen Moreno,Cape Verde,1975-06-29
Linda Cooper,Cote d'Ivoire,2000-07-29
Alexis Phillips,Mexico,1962-10-30
Angela Young,Iceland,1970-12-08
Victoria Richardson,Niger,1993-03-14
Dustin Yang,Mauritania,1995-11-16
Joan Bell,Japan,2003-05-18
Alec Martin,Argentina,1972-01-12
Christopher Hull,Niger,1952-04-17
William Keller,Niger,1982-06-19
Courtney Holland,Austria,1970-01-01
Courtney Clayton,Bouvet Island (Bouvetoya),1988-12-17
Dennis Huff,Tokelau,2001-06-10
Nicholas Miller,Guam,1983-08-12
Carolyn Welch,Albania,1982-07-02
Nancy Hoffman,Mauritania,1983-05-10
Sarah Avila,Niger,1981-07-13
Lawrence Lopez,Bouvet Island (Bouvetoya),1972-07-05
Melanie Stewart,Cote d'Ivoire,1990-06-24
Joshua Hardy,Mauritania,1981-07-19
Heather Branch,Sierra Leone,1976-03-22
Angelica Maldonado,Malaysia,1959-08-07
John Wells,Malawi,1997-01-02
Katherine Ferguson,Syrian Arab Republic,1950-08-06
Stephanie Brown,Cape Verde,1959-09-05
Cynthia Medina,American Samoa,1997-03-28
Vanessa Bonilla,Bouvet Island (Bouvetoya),1980-12-24
Rhonda Velasquez,Niger,1970-04-29
Kevin Jordan,Liechtenstein,1957-08-17
Shelby Diaz,Argentina,1990-11-14
Christina Doyle,India,1988-07-22
Maria Morgan,Bouvet Island (Bouvetoya),1983-09-16
Michael Lane,Niger,2002-05-20
Tonya Berger,Brazil,1968-10-05
Ricardo Maynard,Niger,1953-03-30
Timothy Montgomery,Niger,1955-12-11
Charles Johnson,Cote d'Ivoire,1971-08-18
Charles Schultz,Japan,1961-05-04
Chase Robles,Mexico,1979-03-10
Robert Miller,Bangladesh,1957-09-03
Eric Keller,Bouvet Island (Bouvetoya),2002-03-16
Patricia Hicks,American Samoa,1978-04-30
Sydney Duncan,Malaysia,1972-04-30
Scott Mason,Palau,1955-10-19
Bryan Morrison,Austria,1962-06-15
Natalie Kirk,Iceland,1993-09-22
Stacy Hughes,Chad,1987-04-12
Ryan Cameron,Tokelau,1950-08-31
Patricia Olson,Bangladesh,1970-02-26
Paul Parker,Greenland,1977-08-22
Lauren Hunt,Belarus,1978-08-19
Tanner Bean,Guam,1961-11-15
Jennifer Lambert,Bouvet Island (Bouvetoya),1988-03-01
Jamie Taylor,Palau,1973-05-28
Alan Miller,Liechtenstein,1980-11-23
Taylor Mendez,Greenland,1980-06-14
Jerry Schmidt,Belarus,2001-08-08
Gary Wright,Mexico,1990-09-29
Steven Campbell,Japan,1950-06-22
Jeremiah Molina,Austria,1967-11-17
Kristina Rich,American Samoa,1999-03-12
Adam Ramirez,Belarus,1986-06-17
Emma Vasquez,Cape Verde,1998-02-02
Paul Richardson,Albania,1982-07-02
Sharon King,Tokelau,1980-03-24
Ashley Castillo,Albania,1996-04-04
Kevin Brooks,Bangladesh,1973-12-22
Christian Barker,Palau,1997-12-11
Debra Kennedy,Greenland,1965-03-15
Steven White,Cape Verde,1996-02-21
Michelle Burns,American Samoa,1961-04-24
Amanda Cohen,Greenland,1966-04-08
Sarah Myers,American Samoa,1998-07-25
Jason Terry,Japan,1984-07-09
Michaela Eaton,Liechtenstein,1952-08-12
Alicia Paul,Chad,1988-12-17
Matthew Park,Cape Verde,1991-07-15
Kyle Carter,Brazil,1984-11-24
Marcus Larson,Tokelau,1955-01-15
Julie Frazier,India,2001-10-03
Krista Bright MD,Tokelau,1973-11-04
David Harris,Guam,1991-02-06
Jason Mccormick,Albania,1972-09-22
Joshua Robinson,Chad,1969-12-11
Charles Davila,Syrian Arab Republic,1998-08-23
Terry Klein,Bouvet Island (Bouvetoya),1969-04-08
Kim Wheeler,Fiji,1993-12-23
Vincent Larson,Liechtenstein,1959-11-25
Cathy Garcia,Cote d'Ivoire,1997-12-21
Samantha Nelson,Fiji,1984-05-12
Jonathan Dorsey,Fiji,1988-09-26
Lisa Matthews,Guam,1963-12-07
Elizabeth Rodriguez,Aruba,1959-01-01
Jennifer Foster,Albania,1962-12-17
Dr. Erika Bates,Palau,1951-05-16
William Stevens,Niger,1985-03-06
Joe Grant,India,1970-10-01
Rachel Robbins,Belarus,1956-10-17
Lisa Campbell,Bouvet Island (Bouvetoya),1950-07-12
Kathy Thompson,Syrian Arab Republic,1955-07-14
Kelly Sanchez,Guam,1959-05-23
Michael Zimmerman,Fiji,1959-10-19
Cameron Kim,Cote d'Ivoire,1988-12-30
Jeremy Wong,Bouvet Island (Bouvetoya),1991-07-29
Christine Garza,Iceland,1970-11-27
Christina Mcfarland,Austria,1987-01-11
Mrs. Jacqueline Price MD,Austria,1988-06-21
Tracy Scott,Malaysia,1987-07-29
James Moore,Chad,1991-04-06
Caitlyn Aguirre,Argentina,1949-05-24
Kimberly Young,Argentina,1958-12-19
Beth Lee,Albania,1974-03-12
Kathryn Henry,Brazil,1988-08-26
Leah Lawrence,Bangladesh,1965-07-18
Melissa Jennings,Malaysia,1976-09-17
Christopher Smith,Mexico,1990-09-29
Savannah Hardin,Greenland,1987-03-30
Stacey Williams,American Samoa,1948-07-09
Joseph Haney,Argentina,1971-02-16
Emily Vasquez,Malawi,1998-04-11
Charles Fernandez,Belarus,1994-06-14
Jessica Gibbs,Brazil,1969-02-07
Jessica Richards,Kuwait,1979-11-22
Kenneth Camacho,Bouvet Island (Bouvetoya),1988-06-11
Joseph Petersen,Chad,1993-12-04
Anna Church,Fiji,1970-12-18
William Combs,Iceland,1960-10-05
Tiffany Schultz,Brazil,1977-12-21
Carrie Johnson,Malaysia,1974-07-24
Dominic Kelly,Guam,1997-04-26
Jonathon Hernandez,Bouvet Island (Bouvetoya),1949-01-20
Michelle Martinez,Austria,1985-09-07
Denise Brown,Malaysia,1958-08-13
Benjamin Roth,Kuwait,1996-01-21
Laura Sherman,Brazil,2002-06-27
Marc Taylor,Niger,1970-10-13
Brandon Carter,Syrian Arab Republic,2002-10-20
Jaime Mack,Cote d'Ivoire,1967-01-09
Alicia Wilson,Liechtenstein,1956-07-28
Jessica Phelps,Syrian Arab Republic,1952-07-15
Daniel Carter,Guam,1996-02-11
Leah Torres,Cape Verde,1978-11-07
Samantha Deleon,Niger,1976-10-27
Sarah Turner,Cape Verde,1969-11-12
Melanie Long DDS,Argentina,1965-08-08
Laura Luna,Japan,2001-10-03
Katherine Mason,India,1995-10-20
Mark Berry,Argentina,1947-11-25
Ronald Dawson,Aruba,1991-10-02
Laura Parker,Guam,1973-04-30
Sean Velez,Niger,1970-07-12
Adam Rogers,Liechtenstein,1977-07-07
Mary Little,Greenland,1962-12-27
Pamela Torres,Palau,1977-02-26
Patrick Reed,Austria,1972-04-03
Allison Perez,American Samoa,1981-10-09
Matthew Lane,Niger,1986-07-14
Veronica Rowe,Malawi,1970-08-21
Jenny Richardson,Albania,1984-08-24
Jason Stevens,Argentina,1954-03-26
Trevor Curry,Niger,1995-10-15
Mary Brown,Greenland,1978-04-27
Philip Washington,Mauritania,1972-12-27
Michael Mcguire,Brazil,1958-06-03
Susan Mora,Mexico,2002-11-30
Karen Trujillo,Japan,1973-03-05
Eduardo Sparks,Albania,1974-04-28
Stephen Walls,Niger,1961-03-03
Dennis Wilkinson,Mexico,1953-06-01
Rebecca Leblanc,Bouvet Island (Bouvetoya),2001-11-07
Robert Summers,Kuwait,1969-01-12
Gina Lamb,Tokelau,1966-10-01
Glenn Johnson,Fiji,1973-10-08
Kristine Martinez,Palau,1955-01-09
Jo Moran,Mauritania,1973-08-04
Aaron Moon,Sierra Leone,1971-03-25
Nathaniel Jackson,India,1950-11-08
Sarah Stafford,American Samoa,1995-08-21
James Rodgers,Brazil,1976-09-15
Dr. Patricia Huang,Kuwait,1978-12-25
Nicholas Tran,Fiji,1980-08-14
Jamie Simmons,Malawi,2000-04-06
Angela Hutchinson,Cote d'Ivoire,1976-08-05
Amy Hudson,Japan,1967-06-04
Jacqueline Lowe,Syrian Arab Republic,1953-02-10
Daniel Boone,Cape Verde,1963-03-26
Melinda Richardson,Nauru,1985-09-25
Valerie Gonzalez,Greenland,1953-10-08
Julie Leblanc,Liechtenstein,1996-08-04
Paul Ochoa,Fiji,1955-05-21
Crystal Greene,Malaysia,1996-11-22
Kimberly Alvarado,Aruba,1957-05-06
Douglas Martin,Malawi,1949-11-11
Donna Farmer,Brazil,1999-11-07
Kendra Holmes,American Samoa,1978-08-19
Derek Patterson,Palau,1991-10-30
Daniel Daniels,Chad,1974-03-12
Richard Joseph,Malaysia,1976-02-28
Thomas Gonzales,Malawi,2001-06-21
Mindy Scott,Argentina,1988-07-30
Kathleen Kane,Brazil,1982-05-15
Alexander Kline,Palau,1991-01-16
Ashley Lyons,Guam,1974-04-25
Jason Henry,Brazil,1969-11-02
Victor Martinez,Sierra Leone,2002-06-01
Ronnie Young,Japan,1981-04-03
Jared Contreras,Brazil,1977-11-15
Steven Rocha,Malaysia,1961-02-08
Mason Smith,Cote d'Ivoire,1952-07-31
Dominic Taylor,Cote d'Ivoire,1965-08-11
Jeffrey Flores,Bangladesh,1962-09-25
Bridget Phillips,Bouvet Island (Bouvetoya),1964-11-25
Drew Stevens,Palau,1962-08-18
Matthew Hartman,American Samoa,1958-10-12
Chase Peterson,Mexico,1967-11-29
Alexandria Schwartz,Brazil,1964-06-18
Herbert Harmon,Nauru,1994-11-23
Rachel Hanson,Bouvet Island (Bouvetoya),1991-05-25
Dawn Kelly,Guam,1971-11-29
David Freeman,Malawi,1975-04-29
Rebecca Harper,Albania,1973-05-08
John Robinson,Malawi,1963-06-26
Mark Floyd,Japan,1994-07-18
Jimmy Martinez,Tokelau,1974-12-11
Tammy Barnes,Greenland,1980-02-06
Russell Gonzales,Brazil,1977-08-31
Lisa Sweeney,Albania,1965-10-27
Timothy Walsh,Tokelau,1998-11-16
Michael Barnes,Chad,1952-05-15
Tyler Underwood,Bangladesh,1986-09-08
Jeanette Reid,Mauritania,1975-08-04
Sabrina Mcgrath,Bouvet Island (Bouvetoya),1954-01-16
Jeremiah Walker,Niger,1963-09-08
Gail Lee,Cape Verde,1981-06-25
Christopher Baldwin,Bangladesh,1972-05-17
Michelle Steele,Tokelau,1968-06-08
Jared Diaz,Greenland,1976-06-30
Isabel Wells,Mauritania,1971-02-21
Ashley Sweeney,Syrian Arab Republic,1997-06-16
Brenda Castaneda,Niger,1958-09-26
John Harmon,Cape Verde,1955-12-24
Beth Mueller,Nauru,1999-03-18
Stephen Warren,Chad,1949-05-22
Julie Wilson,Palau,1977-02-17
Charles Simpson,Malawi,1988-06-13
Brandon Marquez,Aruba,1990-03-26
Kathleen Bryant,Tokelau,1993-06-19
Benjamin Carter,Tokelau,1977-06-02
Elizabeth Myers,Fiji,1958-07-16
Brandon Ayala,Bouvet Island (Bouvetoya),1961-12-25
Susan Baker,Mexico,2001-02-21
Sheila Williams,Niger,1998-07-10
Adriana Aguilar,Chad,1989-02-19
Lisa Sanchez,Malawi,1951-04-13
Dawn Pope,Bouvet Island (Bouvetoya),1959-05-25
Nicole Zimmerman,Austria,2003-04-03
James Martin,Tokelau,1997-01-06
Tiffany Morris,Guam,1978-09-18
Christopher Lee,Sierra Leone,1998-03-04
Catherine Oneill,Malawi,1967-10-22
Rachel Wood,Guam,1989-04-17
Albert Morales,Brazil,1992-04-28
Nicholas Bentley,Bouvet Island (Bouvetoya),1959-12-17
Anthony Miles,Cote d'Ivoire,1965-08-30
Jennifer Robinson,Mexico,1976-05-21
James Vazquez,Mexico,1973-12-14
Sara Santos MD,Kuwait,1981-09-03
Carly James,Liechtenstein,1959-01-28
Christopher Jennings,Cote d'Ivoire,1981-06-09
Mindy Hardy,Mauritania,1990-05-14
Paula Mendoza,Liechtenstein,1983-08-23
Kathleen Chan,Nauru,1956-11-19
Alex Wheeler,Fiji,1991-03-20
Vanessa Kirk,Belarus,1962-06-11
Valerie Hudson,Albania,1992-01-17
Emily Ramirez,Greenland,1984-07-18
Danielle Johnson,Iceland,1962-05-03
Brian Livingston,Albania,1962-02-18
Emily Roberson,Mauritania,1976-08-29
Dustin Reyes,Fiji,1952-04-19
Gregory Hernandez,Sierra Leone,1999-11-22
Tiffany Spencer,Bangladesh,1968-11-27
William Whitney,Malawi,1988-11-17
Melissa Moyer,Chad,1970-08-27
Rachael Romero,Bangladesh,1990-06-24
Greg Thompson,Tokelau,1973-11-05
Todd Chase,Bouvet Island (Bouvetoya),1981-03-05
Cynthia Becker,Japan,1974-09-08
Gregory Jackson,Austria,1963-08-01
Walter Mitchell,Chad,1950-03-12
Nathan Taylor,Tokelau,1986-04-27
Patricia Young,Sierra Leone,2003-03-18
Paul Frazier,Japan,1989-08-22
Paula Howell,Albania,1958-06-11
Amanda Hill,Sierra Leone,1960-05-14
Jessica Johnson,Syrian Arab Republic,1976-11-29
Pamela Dixon,Syrian Arab Republic,1986-09-29
April Sweeney,India,1983-04-29
Bruce Parsons,Fiji,2000-03-13
Joseph Martinez,Aruba,1959-03-11
Randy Walker,Niger,1968-07-10
Elizabeth Macias,Albania,1954-03-08
Thomas Rodriguez,Austria,1960-02-09
Alexandria Castillo,Malawi,1986-06-03
Yolanda Spears,Bouvet Island (Bouvetoya),1975-07-04
Malik Martinez,Greenland,1977-09-03
Dawn Armstrong,Liechtenstein,1981-05-18
Justin Allen,Bangladesh,2003-06-26
Brad Fisher,American Samoa,1954-01-08
Michael Spence,Fiji,1961-05-12
Rachel Griffin,Austria,1964-05-13
Chelsea Lamb,Greenland,1984-11-25
Luis Rodriguez,Nauru,1992-06-28
Rebecca Thomas,Cape Verde,1963-10-21
Melissa Benton,Albania,2001-01-08
Brenda Leon,Cote d'Ivoire,1960-08-13
Megan Lopez,Aruba,1981-03-03
Melanie Yates,Tokelau,1998-05-10
Anna Hawkins,Nauru,1952-02-02
Brandon Allen,Sierra Leone,2000-04-02
Charles Martin,India,1959-07-17
Jason Brooks,Bangladesh,1948-03-08
Taylor Gutierrez,Mexico,1974-07-24
Anna Murray,Mauritania,1959-10-28
John Rios,Malaysia,1948-08-19
Danielle Smith,Argentina,1988-03-25
Michael Jones,Argentina,1961-07-22
Mr. Allen Osborn,Chad,1970-12-17
Sean Hawkins,Guam,2002-07-15
Nathan Rodriguez,Brazil,1951-10-16
Linda Oneal,Cape Verde,1959-02-24
